frequency_hz,level_db
20.51,-66.98
23.44,-67.67
26.37,-64.38
29.30,-63.13
32.23,-65.41
35.16,-63.28
38.09,-63.01
41.02,-64.60
43.95,-67.22
46.88,-63.75
49.80,-63.93
52.73,-69.61
55.66,-66.97
58.59,-66.63
61.52,-69.92
64.45,-70.15
67.38,-67.04
70.31,-70.34
73.24,-72.71
76.17,-74.49
79.10,-75.07
82.03,-67.52
84.96,-63.46
87.89,-61.28
90.82,-59.87
93.75,-55.67
96.68,-54.54
99.61,-51.72
102.54,-48.97
105.47,-46.85
108.40,-44.99
111.33,-42.94
114.26,-42.67
117.19,-42.76
120.12,-43.83
123.05,-44.15
125.98,-43.98
128.91,-43.06
131.84,-43.16
134.77,-43.03
137.70,-43.88
140.63,-43.78
143.55,-44.06
146.48,-43.27
149.41,-43.52
152.34,-43.71
155.27,-42.55
158.20,-41.96
161.13,-41.68
164.06,-40.23
166.99,-40.35
169.92,-39.21
172.85,-41.07
175.78,-39.70
178.71,-40.27
181.64,-38.16
184.57,-37.10
187.50,-35.72
190.43,-38.56
193.36,-34.74
196.29,-32.32
199.22,-31.29
202.15,-33.68
205.08,-36.58
208.01,-36.49
210.94,-39.29
213.87,-41.90
216.80,-42.31
219.73,-44.82
222.66,-45.77
225.59,-46.67
228.52,-43.59
231.45,-44.03
234.38,-44.52
237.30,-50.16
240.23,-53.01
243.16,-56.48
246.09,-49.97
249.02,-46.44
251.95,-45.02
254.88,-45.65
257.81,-49.78
260.74,-50.64
263.67,-49.37
266.60,-50.04
269.53,-47.40
272.46,-52.20
275.39,-50.86
278.32,-48.92
281.25,-48.10
284.18,-45.58
287.11,-49.40
290.04,-50.49
292.97,-47.97
295.90,-46.61
298.83,-45.60
301.76,-44.59
304.69,-46.20
307.62,-45.83
310.55,-49.97
313.48,-50.29
316.41,-48.85
319.34,-51.20
322.27,-53.61
325.20,-54.95
328.13,-53.02
331.05,-55.51
333.98,-57.80
336.91,-54.20
339.84,-53.01
342.77,-54.91
345.70,-59.39
348.63,-59.17
351.56,-56.27
354.49,-53.58
357.42,-57.63
360.35,-51.71
363.28,-50.71
366.21,-48.65
369.14,-51.51
372.07,-54.72
375.00,-53.92
377.93,-52.19
380.86,-51.45
383.79,-54.60
386.72,-57.59
389.65,-52.03
392.58,-50.32
395.51,-49.67
398.44,-48.11
401.37,-50.42
404.30,-48.52
407.23,-49.62
410.16,-50.61
413.09,-48.45
416.02,-51.62
418.95,-54.13
421.88,-50.58
424.80,-55.48
427.73,-59.63
430.66,-51.43
433.59,-53.67
436.52,-62.40
439.45,-54.23
442.38,-53.66
445.31,-58.56
448.24,-59.88
451.17,-58.66
454.10,-61.45
457.03,-66.54
459.96,-59.42
462.89,-58.28
465.82,-65.97
468.75,-58.91
471.68,-56.97
474.61,-56.23
477.54,-59.51
480.47,-59.77
483.40,-57.21
486.33,-57.04
489.26,-61.24
492.19,-59.83
495.12,-60.55
498.05,-56.60
500.98,-57.28
503.91,-57.59
506.84,-53.73
509.77,-53.76
512.70,-53.06
515.63,-53.21
518.55,-52.73
521.48,-55.83
524.41,-60.54
527.34,-60.99
530.27,-63.10
533.20,-62.24
536.13,-62.60
539.06,-64.13
541.99,-63.15
544.92,-63.27
547.85,-61.99
550.78,-60.98
553.71,-62.37
556.64,-60.77
559.57,-61.26
562.50,-62.68
565.43,-63.46
568.36,-64.11
571.29,-63.69
574.22,-63.92
577.15,-67.12
580.08,-70.41
583.01,-67.05
585.94,-64.97
588.87,-70.40
591.80,-64.77
594.73,-67.31
597.66,-67.49
600.59,-65.44
603.52,-63.31
606.45,-61.96
609.38,-60.62
612.30,-63.73
615.23,-62.56
618.16,-59.64
621.09,-62.58
624.02,-61.71
626.95,-60.37
629.88,-63.63
632.81,-64.91
635.74,-62.96
638.67,-62.72
641.60,-61.01
644.53,-58.82
647.46,-60.71
650.39,-61.18
653.32,-61.42
656.25,-61.11
659.18,-59.79
662.11,-59.42
665.04,-59.28
667.97,-59.51
670.90,-60.10
673.83,-60.66
676.76,-63.49
679.69,-63.34
682.62,-65.27
685.55,-61.84
688.48,-61.97
691.41,-64.60
694.34,-63.79
697.27,-66.16
700.20,-64.89
703.13,-64.05
706.05,-62.34
708.98,-59.20
711.91,-57.21
714.84,-58.91
717.77,-59.10
720.70,-59.55
723.63,-62.59
726.56,-61.20
729.49,-60.41
732.42,-61.65
735.35,-64.68
738.28,-65.82
741.21,-65.45
744.14,-64.22
747.07,-62.35
750.00,-65.25
752.93,-65.01
755.86,-63.94
758.79,-64.93
761.72,-65.75
764.65,-62.04
767.58,-62.53
770.51,-62.82
773.44,-63.34
776.37,-63.40
779.30,-65.22
782.23,-66.77
785.16,-68.00
788.09,-64.49
791.02,-65.50
793.95,-65.02
796.88,-64.43
799.80,-65.33
802.73,-64.37
805.66,-62.88
808.59,-64.44
811.52,-63.98
814.45,-62.76
817.38,-62.94
820.31,-63.33
823.24,-64.78
826.17,-67.42
829.10,-68.12
832.03,-66.13
834.96,-65.00
837.89,-65.62
840.82,-65.92
843.75,-66.17
846.68,-67.56
849.61,-64.48
852.54,-64.50
855.47,-63.89
858.40,-62.39
861.33,-62.76
864.26,-62.75
867.19,-63.17
870.12,-63.36
873.05,-63.40
875.98,-64.16
878.91,-63.57
881.84,-63.95
884.77,-65.16
887.70,-63.76
890.63,-62.95
893.55,-62.13
896.48,-61.10
899.41,-61.38
902.34,-62.03
905.27,-62.44
908.20,-64.47
911.13,-65.40
914.06,-66.69
916.99,-68.79
919.92,-70.37
922.85,-71.76
925.78,-73.09
928.71,-68.22
931.64,-69.30
934.57,-65.20
937.50,-64.00
940.43,-65.86
943.36,-66.61
946.29,-70.45
949.22,-70.86
952.15,-74.18
955.08,-75.73
958.01,-73.16
960.94,-74.22
963.87,-76.68
966.80,-73.25
969.73,-73.58
972.66,-72.91
975.59,-69.39
978.52,-71.24
981.45,-69.93
984.38,-69.24
987.30,-71.05
990.23,-72.05
993.16,-72.78
996.09,-71.83
999.02,-70.21
1001.95,-67.70
1004.88,-69.61
1007.81,-69.07
1010.74,-68.93
1013.67,-69.71
1016.60,-67.64
1019.53,-66.80
1022.46,-65.37
1025.39,-64.98
1028.32,-64.09
1031.25,-65.60
1034.18,-63.90
1037.11,-65.90
1040.04,-68.07
1042.97,-69.38
1045.90,-75.98
1048.83,-75.07
1051.76,-72.47
1054.69,-71.53
1057.62,-72.14
1060.55,-72.97
1063.48,-74.10
1066.41,-73.67
1069.34,-73.30
1072.27,-75.76
1075.20,-78.31
1078.13,-77.40
1081.05,-78.65
1083.98,-79.23
1086.91,-79.28
1089.84,-78.92
1092.77,-80.22
1095.70,-84.87
1098.63,-89.30
1101.56,-82.26
1104.49,-79.51
1107.42,-74.31
1110.35,-73.90
1113.28,-76.53
1116.21,-73.20
1119.14,-72.69
1122.07,-74.39
1125.00,-70.62
1127.93,-71.08
1130.86,-71.94
1133.79,-71.64
1136.72,-72.71
1139.65,-73.12
1142.58,-73.67
1145.51,-73.08
1148.44,-75.35
1151.37,-80.29
1154.30,-81.91
1157.23,-80.73
1160.16,-83.07
1163.09,-83.15
1166.02,-78.84
1168.95,-84.87
1171.88,-84.14
1174.80,-79.16
1177.73,-82.56
1180.66,-84.68
1183.59,-80.92
1186.52,-82.53
1189.45,-82.47
1192.38,-86.53
1195.31,-84.90
1198.24,-78.76
1201.17,-73.28
1204.10,-72.61
1207.03,-75.76
1209.96,-77.70
1212.89,-78.86
1215.82,-85.40
1218.75,-78.78
1221.68,-77.32
1224.61,-87.34
1227.54,-86.59
1230.47,-79.20
1233.40,-78.17
1236.33,-76.61
1239.26,-79.30
1242.19,-75.18
1245.12,-75.14
1248.05,-76.95
1250.98,-74.63
1253.91,-75.04
1256.84,-74.54
1259.77,-74.02
1262.70,-76.74
1265.63,-75.94
1268.55,-77.08
1271.48,-87.09
1274.41,-81.76
1277.34,-77.34
1280.27,-78.03
1283.20,-77.69
1286.13,-80.04
1289.06,-77.80
1291.99,-79.85
1294.92,-91.07
1297.85,-83.34
1300.78,-81.60
1303.71,-80.96
1306.64,-81.54
1309.57,-81.09
1312.50,-79.71
1315.43,-79.49
1318.36,-78.90
1321.29,-76.00
1324.22,-79.64
1327.15,-78.18
1330.08,-77.75
1333.01,-80.00
1335.94,-79.05
1338.87,-82.40
1341.80,-78.42
1344.73,-74.78
1347.66,-79.29
1350.59,-82.04
1353.52,-78.77
1356.45,-81.08
1359.38,-78.91
1362.30,-76.50
1365.23,-76.17
1368.16,-74.27
1371.09,-76.47
1374.02,-76.34
1376.95,-76.90
1379.88,-77.62
1382.81,-78.65
1385.74,-76.27
1388.67,-76.91
1391.60,-76.59
1394.53,-77.11
1397.46,-78.36
1400.39,-74.59
1403.32,-76.75
1406.25,-79.46
1409.18,-76.68
1412.11,-80.72
1415.04,-83.88
1417.97,-83.02
1420.90,-83.21
1423.83,-82.28
1426.76,-83.14
1429.69,-78.54
1432.62,-78.37
1435.55,-77.37
1438.48,-77.89
1441.41,-81.28
1444.34,-79.77
1447.27,-81.96
1450.20,-84.10
1453.13,-77.50
1456.05,-78.58
1458.98,-83.21
1461.91,-79.36
1464.84,-81.37
1467.77,-80.47
1470.70,-80.73
1473.63,-81.11
1476.56,-80.05
1479.49,-79.65
1482.42,-83.71
1485.35,-79.13
1488.28,-77.73
1491.21,-84.11
1494.14,-79.51
1497.07,-74.50
1500.00,-78.50
1502.93,-86.07
1505.86,-77.56
1508.79,-77.27
1511.72,-80.30
1514.65,-80.72
1517.58,-76.84
1520.51,-76.95
1523.44,-81.19
1526.37,-74.13
1529.30,-74.97
1532.23,-82.49
1535.16,-79.07
1538.09,-77.09
1541.02,-82.01
1543.95,-81.92
1546.88,-76.18
1549.80,-76.22
1552.73,-82.43
1555.66,-79.32
1558.59,-76.39
1561.52,-76.27
1564.45,-78.87
1567.38,-78.85
1570.31,-75.98
1573.24,-77.62
1576.17,-78.57
1579.10,-76.25
1582.03,-77.33
1584.96,-83.74
1587.89,-75.98
1590.82,-75.48
1593.75,-84.85
1596.68,-79.05
1599.61,-78.72
1602.54,-79.35
1605.47,-83.93
1608.40,-79.86
1611.33,-75.65
1614.26,-76.62
1617.19,-77.85
1620.12,-73.09
1623.05,-74.74
1625.98,-76.28
1628.91,-74.89
1631.84,-73.04
1634.77,-76.23
1637.70,-78.08
1640.63,-74.21
1643.55,-78.20
1646.48,-79.86
1649.41,-75.85
1652.34,-78.63
1655.27,-79.55
1658.20,-75.54
1661.13,-77.54
1664.06,-81.58
1666.99,-76.34
1669.92,-77.76
1672.85,-81.36
1675.78,-75.79
1678.71,-77.21
1681.64,-80.73
1684.57,-78.54
1687.50,-79.10
1690.43,-79.20
1693.36,-79.23
1696.29,-76.76
1699.22,-77.01
1702.15,-80.28
1705.08,-79.71
1708.01,-78.17
1710.94,-82.71
1713.87,-88.02
1716.80,-81.95
1719.73,-82.02
1722.66,-83.09
1725.59,-91.90
1728.52,-81.54
1731.45,-78.53
1734.38,-83.17
1737.30,-81.87
1740.23,-76.51
1743.16,-78.62
1746.09,-81.22
1749.02,-76.03
1751.95,-77.24
1754.88,-80.14
1757.81,-75.68
1760.74,-75.31
1763.67,-78.91
1766.60,-73.30
1769.53,-71.23
1772.46,-76.34
1775.39,-73.30
1778.32,-71.37
1781.25,-77.23
1784.18,-78.22
1787.11,-72.06
1790.04,-72.74
1792.97,-74.14
1795.90,-74.64
1798.83,-73.69
1801.76,-73.75
1804.69,-76.84
1807.62,-74.76
1810.55,-73.76
1813.48,-77.57
1816.41,-82.42
1819.34,-79.97
1822.27,-75.25
1825.20,-79.05
1828.13,-82.20
1831.05,-75.32
1833.98,-78.37
1836.91,-83.44
1839.84,-75.51
1842.77,-76.99
1845.70,-83.14
1848.63,-78.30
1851.56,-76.62
1854.49,-77.79
1857.42,-79.08
1860.35,-76.32
1863.28,-76.68
1866.21,-77.31
1869.14,-74.27
1872.07,-76.56
1875.00,-78.61
1877.93,-75.01
1880.86,-76.77
1883.79,-76.35
1886.72,-77.12
1889.65,-74.42
1892.58,-71.84
1895.51,-76.84
1898.44,-77.45
1901.37,-71.14
1904.30,-71.11
1907.23,-77.02
1910.16,-73.31
1913.09,-69.65
1916.02,-72.95
1918.95,-76.70
1921.88,-73.00
1924.80,-73.62
1927.73,-75.02
1930.66,-76.55
1933.59,-76.63
1936.52,-75.13
1939.45,-74.95
1942.38,-74.18
1945.31,-74.27
1948.24,-75.50
1951.17,-74.14
1954.10,-72.73
1957.03,-73.18
1959.96,-78.34
1962.89,-76.84
1965.82,-74.05
1968.75,-77.29
1971.68,-88.95
1974.61,-78.90
1977.54,-75.96
1980.47,-76.91
1983.40,-78.92
1986.33,-77.76
1989.26,-74.74
1992.19,-72.87
1995.12,-75.55
1998.05,-75.08
2000.98,-72.50
2003.91,-71.50
2006.84,-73.86
2009.77,-74.05
2012.70,-71.69
2015.63,-73.95
2018.55,-74.68
2021.48,-71.67
2024.41,-72.28
2027.34,-72.82
2030.27,-72.39
2033.20,-70.54
2036.13,-69.15
2039.06,-69.74
2041.99,-71.07
2044.92,-70.23
2047.85,-69.40
2050.78,-72.43
2053.71,-73.46
2056.64,-70.49
2059.57,-71.05
2062.50,-73.79
2065.43,-72.84
2068.36,-71.20
2071.29,-72.99
2074.22,-73.22
2077.15,-72.71
2080.08,-74.00
2083.01,-72.43
2085.94,-71.44
2088.87,-74.38
2091.80,-76.55
2094.73,-72.09
2097.66,-72.34
2100.59,-76.45
2103.52,-74.42
2106.45,-72.66
2109.38,-75.94
2112.30,-79.53
2115.23,-75.23
2118.16,-75.95
2121.09,-83.30
2124.02,-78.42
2126.95,-73.34
2129.88,-74.61
2132.81,-78.64
2135.74,-72.84
2138.67,-71.20
2141.60,-75.22
2144.53,-78.37
2147.46,-73.23
2150.39,-72.59
2153.32,-76.02
2156.25,-78.43
2159.18,-74.71
2162.11,-74.35
2165.04,-74.77
2167.97,-75.84
2170.90,-74.38
2173.83,-72.55
2176.76,-74.33
2179.69,-77.93
2182.62,-74.52
2185.55,-74.82
2188.48,-81.60
2191.41,-82.33
2194.34,-79.54
2197.27,-81.45
2200.20,-84.96
2203.13,-83.21
2206.05,-83.16
2208.98,-89.08
2211.91,-86.50
2214.84,-82.66
2217.77,-82.16
2220.70,-83.05
2223.63,-84.34
2226.56,-78.23
2229.49,-78.12
2232.42,-85.66
2235.35,-84.10
2238.28,-76.95
2241.21,-78.48
2244.14,-84.93
2247.07,-84.37
2250.00,-82.25
2252.93,-76.10
2255.86,-74.43
2258.79,-76.71
2261.72,-72.36
2264.65,-68.67
2267.58,-70.07
2270.51,-71.24
2273.44,-68.92
2276.37,-68.84
2279.30,-71.19
2282.23,-71.35
2285.16,-70.15
2288.09,-70.90
2291.02,-72.51
2293.95,-70.33
2296.88,-71.21
2299.80,-74.09
2302.73,-73.09
2305.66,-74.79
2308.59,-80.27
2311.52,-81.06
2314.45,-81.45
2317.38,-82.70
2320.31,-77.81
2323.24,-77.12
2326.17,-79.45
2329.10,-75.90
2332.03,-76.64
2334.96,-77.31
2337.89,-73.98
2340.82,-78.33
2343.75,-81.87
2346.68,-82.27
2349.61,-84.29
2352.54,-85.57
2355.47,-81.34
2358.40,-75.62
2361.33,-76.60
2364.26,-75.53
2367.19,-73.60
2370.12,-77.07
2373.05,-76.57
2375.98,-72.40
2378.91,-73.04
2381.84,-75.27
2384.77,-71.81
2387.70,-71.12
2390.63,-74.87
2393.55,-73.80
2396.48,-72.14
2399.41,-71.31
2402.34,-72.62
2405.27,-72.21
2408.20,-71.23
2411.13,-72.87
2414.06,-74.88
2416.99,-72.45
2419.92,-71.63
2422.85,-74.00
2425.78,-73.31
2428.71,-70.17
2431.64,-69.64
2434.57,-70.53
2437.50,-69.89
2440.43,-68.84
2443.36,-68.70
2446.29,-69.44
2449.22,-69.07
2452.15,-68.35
2455.08,-70.41
2458.01,-71.58
2460.94,-69.84
2463.87,-71.32
2466.80,-75.04
2469.73,-75.05
2472.66,-77.77
2475.59,-85.15
2478.52,-84.38
2481.45,-79.37
2484.38,-77.45
2487.30,-74.80
2490.23,-72.77
2493.16,-74.44
2496.09,-76.93
2499.02,-72.62
2501.95,-70.51
2504.88,-72.82
2507.81,-73.79
2510.74,-69.25
2513.67,-69.74
2516.60,-74.91
2519.53,-71.85
2522.46,-70.40
2525.39,-74.78
2528.32,-79.18
2531.25,-73.89
2534.18,-74.40
2537.11,-79.23
2540.04,-80.89
2542.97,-75.48
2545.90,-75.59
2548.83,-80.98
2551.76,-77.27
2554.69,-75.07
2557.62,-78.54
2560.55,-76.38
2563.48,-74.64
2566.41,-78.92
2569.34,-75.74
2572.27,-72.89
2575.20,-77.45
2578.13,-79.15
2581.05,-75.70
2583.98,-79.60
2586.91,-79.81
2589.84,-75.88
2592.77,-78.15
2595.70,-75.67
2598.63,-76.41
2601.56,-80.50
2604.49,-77.20
2607.42,-77.19
2610.35,-81.48
2613.28,-79.18
2616.21,-79.21
2619.14,-81.12
2622.07,-80.43
2625.00,-81.11
2627.93,-80.01
2630.86,-77.92
2633.79,-77.99
2636.72,-78.91
2639.65,-75.69
2642.58,-74.55
2645.51,-81.02
2648.44,-78.34
2651.37,-73.65
2654.30,-75.84
2657.23,-80.11
2660.16,-77.49
2663.09,-76.11
2666.02,-77.75
2668.95,-76.23
2671.88,-76.74
2674.80,-78.57
2677.73,-78.91
2680.66,-76.38
2683.59,-73.29
2686.52,-75.98
2689.45,-76.17
2692.38,-74.00
2695.31,-73.60
2698.24,-81.49
2701.17,-78.80
2704.10,-72.95
2707.03,-74.72
2709.96,-80.11
2712.89,-77.11
2715.82,-74.73
2718.75,-76.68
2721.68,-76.34
2724.61,-81.67
2727.54,-78.90
2730.47,-73.66
2733.40,-76.37
2736.33,-78.39
2739.26,-77.07
2742.19,-74.25
2745.12,-73.40
2748.05,-74.09
2750.98,-77.73
2753.91,-76.32
2756.84,-72.95
2759.77,-75.95
2762.70,-86.29
2765.63,-79.05
2768.55,-76.63
2771.48,-80.11
2774.41,-78.44
2777.34,-75.21
2780.27,-77.84
2783.20,-75.17
2786.13,-72.21
2789.06,-74.06
2791.99,-75.43
2794.92,-71.64
2797.85,-72.81
2800.78,-78.85
2803.71,-76.61
2806.64,-76.35
2809.57,-78.49
2812.50,-79.45
2815.43,-82.67
2818.36,-78.25
2821.29,-75.06
2824.22,-73.35
2827.15,-75.30
2830.08,-76.36
2833.01,-71.67
2835.94,-71.82
2838.87,-73.89
2841.80,-75.34
2844.73,-73.19
2847.66,-72.78
2850.59,-75.65
2853.52,-78.51
2856.45,-75.83
2859.38,-71.36
2862.30,-75.38
2865.23,-80.90
2868.16,-74.93
2871.09,-77.96
2874.02,-78.92
2876.95,-80.99
2879.88,-82.81
2882.81,-74.83
2885.74,-73.49
2888.67,-78.21
2891.60,-79.06
2894.53,-72.80
2897.46,-73.37
2900.39,-75.31
2903.32,-75.03
2906.25,-74.93
2909.18,-76.16
2912.11,-81.05
2915.04,-90.47
2917.97,-88.41
2920.90,-79.76
2923.83,-81.29
2926.76,-84.65
2929.69,-81.38
2932.62,-81.85
2935.55,-82.85
2938.48,-83.80
2941.41,-86.94
2944.34,-82.52
2947.27,-79.12
2950.20,-82.75
2953.13,-82.60
2956.05,-82.98
2958.98,-81.40
2961.91,-77.00
2964.84,-78.88
2967.77,-78.52
2970.70,-73.19
2973.63,-73.40
2976.56,-76.85
2979.49,-72.52
2982.42,-71.65
2985.35,-74.16
2988.28,-72.54
2991.21,-70.55
2994.14,-73.79
2997.07,-76.62
3000.00,-73.24
3002.93,-75.45
3005.86,-81.13
3008.79,-75.89
3011.72,-75.14
3014.65,-79.41
3017.58,-75.51
3020.51,-76.48
3023.44,-78.64
3026.37,-74.34
3029.30,-74.23
3032.23,-80.31
3035.16,-75.60
3038.09,-71.61
3041.02,-74.69
3043.95,-76.36
3046.88,-70.94
3049.80,-71.31
3052.73,-78.39
3055.66,-76.38
3058.59,-71.54
3061.52,-72.52
3064.45,-74.57
3067.38,-72.08
3070.31,-70.87
3073.24,-71.83
3076.17,-73.68
3079.10,-73.49
3082.03,-73.73
3084.96,-77.98
3087.89,-82.49
3090.82,-82.20
3093.75,-80.94
3096.68,-84.70
3099.61,-81.80
3102.54,-79.87
3105.47,-86.73
3108.40,-79.01
3111.33,-76.39
3114.26,-79.59
3117.19,-79.37
3120.12,-75.77
3123.05,-77.87
3125.98,-83.38
3128.91,-79.82
3131.84,-79.97
3134.77,-80.31
3137.70,-79.32
3140.63,-77.23
3143.55,-73.36
3146.48,-71.54
3149.41,-73.04
3152.34,-74.93
3155.27,-76.15
3158.20,-77.58
3161.13,-79.62
3164.06,-80.99
3166.99,-83.76
3169.92,-78.93
3172.85,-75.17
3175.78,-75.46
3178.71,-81.87
3181.64,-76.48
3184.57,-72.97
3187.50,-75.78
3190.43,-77.47
3193.36,-71.21
3196.29,-70.66
3199.22,-74.90
3202.15,-74.75
3205.08,-70.92
3208.01,-72.46
3210.94,-75.87
3213.87,-76.48
3216.80,-77.83
3219.73,-77.80
3222.66,-77.32
3225.59,-77.52
3228.52,-78.07
3231.45,-75.68
3234.38,-73.81
3237.30,-75.98
3240.23,-78.11
3243.16,-81.28
3246.09,-79.93
3249.02,-76.53
3251.95,-82.76
3254.88,-84.28
3257.81,-79.67
3260.74,-83.85
3263.67,-86.43
3266.60,-86.99
3269.53,-84.60
3272.46,-84.81
3275.39,-81.68
3278.32,-78.97
3281.25,-78.24
3284.18,-82.49
3287.11,-78.91
3290.04,-75.34
3292.97,-77.16
3295.90,-82.18
3298.83,-75.26
3301.76,-72.35
3304.69,-75.18
3307.62,-79.43
3310.55,-75.16
3313.48,-73.40
3316.41,-73.77
3319.34,-76.27
3322.27,-74.91
3325.20,-70.17
3328.13,-68.05
3331.05,-71.25
3333.98,-75.25
3336.91,-69.80
3339.84,-70.59
3342.77,-75.75
3345.70,-77.72
3348.63,-72.57
3351.56,-70.30
3354.49,-72.30
3357.42,-77.96
3360.35,-74.29
3363.28,-70.58
3366.21,-70.92
3369.14,-75.54
3372.07,-74.40
3375.00,-70.24
3377.93,-71.61
3380.86,-76.78
3383.79,-80.62
3386.72,-77.57
3389.65,-75.75
3392.58,-80.50
3395.51,-89.31
3398.44,-83.18
3401.37,-81.30
3404.30,-78.34
3407.23,-78.58
3410.16,-84.17
3413.09,-78.38
3416.02,-75.96
3418.95,-80.86
3421.88,-86.74
3424.80,-80.69
3427.73,-81.14
3430.66,-82.59
3433.59,-82.15
3436.52,-83.43
3439.45,-82.23
3442.38,-80.61
3445.31,-77.29
3448.24,-77.83
3451.17,-78.33
3454.10,-73.08
3457.03,-73.36
3459.96,-77.86
3462.89,-80.67
3465.82,-77.91
3468.75,-74.55
3471.68,-74.83
3474.61,-78.40
3477.54,-73.94
3480.47,-72.34
3483.40,-75.75
3486.33,-81.63
3489.26,-75.31
3492.19,-73.93
3495.12,-77.94
3498.05,-78.27
3500.98,-76.87
3503.91,-77.29
3506.84,-74.86
3509.77,-76.70
3512.70,-82.26
3515.63,-77.22
3518.55,-74.41
3521.48,-77.00
3524.41,-82.39
3527.34,-76.47
3530.27,-75.17
3533.20,-77.30
3536.13,-81.73
3539.06,-79.84
3541.99,-77.30
3544.92,-74.84
3547.85,-75.41
3550.78,-80.29
3553.71,-74.22
3556.64,-72.48
3559.57,-77.13
3562.50,-80.64
3565.43,-75.62
3568.36,-74.04
3571.29,-75.87
3574.22,-77.91
3577.15,-75.05
3580.08,-76.52
3583.01,-77.99
3585.94,-77.83
3588.87,-80.28
3591.80,-78.67
3594.73,-74.02
3597.66,-74.09
3600.59,-78.29
3603.52,-78.13
3606.45,-73.08
3609.38,-71.84
3612.30,-76.41
3615.23,-75.71
3618.16,-72.08
3621.09,-74.02
3624.02,-80.10
3626.95,-76.58
3629.88,-74.37
3632.81,-78.05
3635.74,-82.41
3638.67,-78.35
3641.60,-79.97
3644.53,-84.36
3647.46,-83.15
3650.39,-85.12
3653.32,-84.77
3656.25,-87.78
3659.18,-86.15
3662.11,-82.13
3665.04,-79.73
3667.97,-78.84
3670.90,-81.02
3673.83,-83.16
3676.76,-79.58
3679.69,-76.89
3682.62,-78.93
3685.55,-82.62
3688.48,-76.58
3691.41,-72.29
3694.34,-72.14
3697.27,-77.01
3700.20,-74.24
3703.13,-71.12
3706.05,-72.53
3708.98,-78.29
3711.91,-73.39
3714.84,-71.42
3717.77,-74.94
3720.70,-78.88
3723.63,-72.45
3726.56,-72.02
3729.49,-77.70
3732.42,-79.79
3735.35,-75.58
3738.28,-77.31
3741.21,-80.84
3744.14,-77.89
3747.07,-76.28
3750.00,-78.50
3752.93,-82.25
3755.86,-81.94
3758.79,-82.09
3761.72,-84.70
3764.65,-87.37
3767.58,-85.86
3770.51,-85.34
3773.44,-87.77
3776.37,-90.63
3779.30,-89.10
3782.23,-84.05
3785.16,-82.02
3788.09,-83.57
3791.02,-84.73
3793.95,-79.62
3796.88,-78.28
3799.80,-83.15
3802.73,-85.78
3805.66,-79.69
3808.59,-79.01
3811.52,-84.32
3814.45,-84.59
3817.38,-80.63
3820.31,-82.10
3823.24,-85.44
3826.17,-83.66
3829.10,-82.70
3832.03,-84.38
3834.96,-88.33
3837.89,-88.44
3840.82,-84.74
3843.75,-82.97
3846.68,-85.65
3849.61,-85.45
3852.54,-80.50
3855.47,-82.17
3858.40,-86.38
3861.33,-82.04
3864.26,-81.07
3867.19,-82.15
3870.12,-83.70
3873.05,-85.28
3875.98,-84.23
3878.91,-82.21
3881.84,-83.77
3884.77,-86.31
3887.70,-81.21
3890.63,-78.90
3893.55,-80.48
3896.48,-82.74
3899.41,-79.78
3902.34,-79.37
3905.27,-81.15
3908.20,-81.15
3911.13,-81.29
3914.06,-80.16
3916.99,-80.53
3919.92,-81.98
3922.85,-80.25
3925.78,-79.87
3928.71,-83.55
3931.64,-83.47
3934.57,-81.11
3937.50,-82.71
3940.43,-84.84
3943.36,-81.38
3946.29,-81.29
3949.22,-84.97
3952.15,-80.45
3955.08,-81.31
3958.01,-88.18
3960.94,-83.24
3963.87,-82.97
3966.80,-87.55
3969.73,-84.48
3972.66,-83.02
3975.59,-82.97
3978.52,-81.38
3981.45,-84.75
3984.38,-84.88
3987.30,-81.29
3990.23,-83.21
3993.16,-85.61
3996.09,-85.12
3999.02,-83.14
4001.95,-88.08
4004.88,-87.73
4007.81,-83.47
4010.74,-85.66
4013.67,-92.27
4016.60,-87.58
4019.53,-85.96
4022.46,-90.33
4025.39,-92.71
4028.32,-88.48
4031.25,-86.83
4034.18,-91.91
4037.11,-94.37
4040.04,-86.76
4042.97,-87.64
4045.90,-92.99
4048.83,-88.40
4051.76,-88.08
4054.69,-90.04
4057.62,-91.51
4060.55,-91.22
4063.48,-92.86
4066.41,-89.40
4069.34,-89.45
4072.27,-95.53
4075.20,-86.89
4078.13,-83.67
4081.05,-89.63
4083.98,-85.01
4086.91,-81.07
4089.84,-85.62
4092.77,-83.66
4095.70,-81.13
4098.63,-83.95
4101.56,-83.88
4104.49,-81.86
4107.42,-82.87
4110.35,-85.17
4113.28,-83.64
4116.21,-84.56
4119.14,-90.33
4122.07,-83.83
4125.00,-83.96
4127.93,-87.47
4130.86,-82.24
4133.79,-82.71
4136.72,-86.93
4139.65,-84.28
4142.58,-83.97
4145.51,-87.03
4148.44,-84.40
4151.37,-83.58
4154.30,-87.61
4157.23,-84.49
4160.16,-82.64
4163.09,-86.25
4166.02,-87.06
4168.95,-86.06
4171.88,-89.62
4174.80,-89.59
4177.73,-86.12
4180.66,-89.14
4183.59,-96.36
4186.52,-88.08
4189.45,-87.50
4192.38,-96.40
4195.31,-93.40
4198.24,-89.40
4201.17,-91.41
4204.10,-92.30
4207.03,-88.40
4209.96,-88.72
4212.89,-90.47
4215.82,-92.35
4218.75,-91.15
4221.68,-91.87
4224.61,-96.33
4227.54,-93.73
4230.47,-91.31
4233.40,-88.88
4236.33,-92.86
4239.26,-86.14
4242.19,-87.06
4245.12,-94.17
4248.05,-87.29
4250.98,-86.58
4253.91,-93.04
4256.84,-86.02
4259.77,-87.18
4262.70,-89.75
4265.63,-82.76
4268.55,-82.25
4271.48,-87.26
4274.41,-83.54
4277.34,-81.02
4280.27,-85.31
4283.20,-81.61
4286.13,-79.95
4289.06,-84.41
4291.99,-83.28
4294.92,-80.06
4297.85,-83.61
4300.78,-83.17
4303.71,-80.31
4306.64,-83.76
4309.57,-84.51
4312.50,-81.19
4315.43,-81.94
4318.36,-86.09
4321.29,-82.47
4324.22,-82.96
4327.15,-90.86
4330.08,-85.71
4333.01,-85.50
4335.94,-93.12
4338.87,-89.76
4341.80,-89.30
4344.73,-92.87
4347.66,-90.71
4350.59,-87.69
4353.52,-91.35
4356.45,-94.63
4359.38,-87.53
4362.30,-87.97
4365.23,-95.09
4368.16,-89.34
4371.09,-87.06
4374.02,-93.56
4376.95,-93.82
4379.88,-88.78
4382.81,-90.17
4385.74,-97.18
4388.67,-89.92
4391.60,-89.13
4394.53,-94.01
4397.46,-98.26
4400.39,-91.56
4403.32,-91.17
4406.25,-98.13
4409.18,-91.76
4412.11,-88.82
4415.04,-93.59
4417.97,-91.98
4420.90,-87.61
4423.83,-92.59
4426.76,-90.49
4429.69,-87.26
4432.62,-89.95
4435.55,-90.96
4438.48,-85.24
4441.41,-85.44
4444.34,-89.47
4447.27,-84.24
4450.20,-84.90
4453.13,-90.60
4456.05,-85.41
4458.98,-85.54
4461.91,-90.21
4464.84,-88.00
4467.77,-87.08
4470.70,-91.38
4473.63,-89.51
4476.56,-87.01
4479.49,-92.89
4482.42,-89.16
4485.35,-85.91
4488.28,-90.32
4491.21,-92.20
4494.14,-88.26
4497.07,-91.69
4500.00,-97.85
4502.93,-90.28
4505.86,-91.37
4508.79,-94.89
4511.72,-96.46
4514.65,-93.45
4517.58,-91.09
4520.51,-93.28
4523.44,-95.94
4526.37,-90.47
4529.30,-89.91
4532.23,-93.27
4535.16,-93.55
4538.09,-90.23
4541.02,-88.49
4543.95,-93.47
4546.88,-91.99
4549.80,-87.77
4552.73,-91.82
4555.66,-95.31
4558.59,-87.72
4561.52,-88.45
4564.45,-94.31
4567.38,-87.67
4570.31,-87.61
4573.24,-94.12
4576.17,-88.02
4579.10,-87.14
4582.03,-93.90
4584.96,-88.84
4587.89,-88.39
4590.82,-94.45
4593.75,-89.11
4596.68,-88.21
4599.61,-93.77
4602.54,-89.57
4605.47,-88.61
4608.40,-94.86
4611.33,-90.88
4614.26,-88.85
4617.19,-91.51
4620.12,-93.91
4623.05,-90.94
4625.98,-90.39
4628.91,-93.40
4631.84,-91.08
4634.77,-89.13
4637.70,-91.73
4640.63,-94.20
4643.55,-88.43
4646.48,-89.61
4649.41,-95.80
4652.34,-87.28
4655.27,-86.02
4658.20,-92.97
4661.13,-87.56
4664.06,-84.16
4666.99,-88.88
4669.92,-87.73
4672.85,-83.39
4675.78,-85.68
4678.71,-88.12
4681.64,-83.49
4684.57,-84.38
4687.50,-90.98
4690.43,-86.66
4693.36,-85.57
4696.29,-92.87
4699.22,-90.40
4702.15,-87.11
4705.08,-91.48
4708.01,-93.42
4710.94,-89.78
4713.87,-93.19
4716.80,-93.61
4719.73,-89.24
4722.66,-95.95
4725.59,-91.92
4728.52,-88.87
4731.45,-94.60
4734.38,-92.78
4737.30,-88.03
4740.23,-90.72
4743.16,-95.63
4746.09,-89.60
4749.02,-92.25
4751.95,-95.68
4754.88,-89.20
4757.81,-91.81
4760.74,-92.99
4763.67,-88.04
4766.60,-92.45
4769.53,-94.69
4772.46,-88.71
4775.39,-91.21
4778.32,-94.54
4781.25,-88.47
4784.18,-90.08
4787.11,-95.20
4790.04,-88.57
4792.97,-89.09
4795.90,-94.31
4798.83,-88.53
4801.76,-88.28
4804.69,-95.74
4807.62,-89.29
4810.55,-88.05
4813.48,-95.78
4816.41,-93.04
4819.34,-90.23
4822.27,-94.57
4825.20,-91.38
4828.13,-91.36
4831.05,-95.41
4833.98,-89.91
4836.91,-89.12
4839.84,-94.05
4842.77,-92.38
4845.70,-89.77
4848.63,-92.03
4851.56,-93.75
4854.49,-92.99
4857.42,-90.94
4860.35,-91.16
4863.28,-95.84
4866.21,-93.61
4869.14,-89.58
4872.07,-92.61
4875.00,-96.56
4877.93,-90.08
4880.86,-89.18
4883.79,-94.59
4886.72,-91.27
4889.65,-87.67
4892.58,-89.15
4895.51,-95.80
4898.44,-88.27
4901.37,-87.18
4904.30,-92.44
4907.23,-95.77
4910.16,-89.98
4913.09,-89.93
4916.02,-94.34
4918.95,-92.94
4921.88,-90.31
4924.80,-88.60
4927.73,-93.73
4930.66,-91.21
4933.59,-87.34
4936.52,-90.40
4939.45,-94.30
4942.38,-88.01
4945.31,-90.69
4948.24,-96.84
4951.17,-90.88
4954.10,-91.97
4957.03,-95.21
4959.96,-88.92
4962.89,-91.73
4965.82,-96.89
4968.75,-88.50
4971.68,-89.06
4974.61,-96.61
4977.54,-88.58
4980.47,-87.91
4983.40,-96.49
4986.33,-92.76
4989.26,-91.83
4992.19,-98.48
4995.12,-94.76
4998.05,-91.36
5000.98,-96.89
5003.91,-98.19
5006.84,-92.73
5009.77,-93.93
5012.70,-96.94
5015.63,-92.43
5018.55,-94.78
5021.48,-97.51
5024.41,-92.86
5027.34,-94.25
5030.27,-99.24
5033.20,-93.64
5036.13,-94.55
5039.06,-101.45
5041.99,-93.89
5044.92,-93.85
5047.85,-100.54
5050.78,-97.94
5053.71,-96.62
5056.64,-98.81
5059.57,-94.75
5062.50,-96.80
5065.43,-95.73
5068.36,-90.71
5071.29,-91.74
5074.22,-95.99
5077.15,-90.67
5080.08,-88.92
5083.01,-92.08
5085.94,-90.40
5088.87,-89.53
5091.80,-95.54
5094.73,-92.80
5097.66,-91.57
5100.59,-94.89
5103.52,-90.23
5106.45,-90.60
5109.38,-93.40
5112.30,-89.51
5115.23,-89.38
5118.16,-91.45
5121.09,-89.84
5124.02,-89.60
5126.95,-93.98
5129.88,-93.37
5132.81,-91.89
5135.74,-98.54
5138.67,-92.57
5141.60,-92.46
5144.53,-101.20
5147.46,-93.54
5150.39,-92.88
5153.32,-98.61
5156.25,-92.66
5159.18,-92.48
5162.11,-98.89
5165.04,-97.41
5167.97,-97.60
5170.90,-94.48
5173.83,-93.81
5176.76,-98.37
5179.69,-91.02
5182.62,-90.85
5185.55,-95.13
5188.48,-92.09
5191.41,-90.66
5194.34,-94.62
5197.27,-91.83
5200.20,-89.76
5203.13,-96.88
5206.05,-88.86
5208.98,-87.44
5211.91,-90.67
5214.84,-85.89
5217.77,-85.32
5220.70,-90.40
5223.63,-87.73
5226.56,-86.22
5229.49,-93.25
5232.42,-89.48
5235.35,-87.47
5238.28,-92.73
5241.21,-87.06
5244.14,-86.24
5247.07,-89.62
5250.00,-85.22
5252.93,-84.29
5255.86,-86.85
5258.79,-84.26
5261.72,-84.75
5264.65,-87.93
5267.58,-85.22
5270.51,-86.01
5273.44,-88.58
5276.37,-85.21
5279.30,-86.95
5282.23,-91.32
5285.16,-87.29
5288.09,-89.08
5291.02,-94.69
5293.95,-88.43
5296.88,-92.29
5299.80,-93.03
5302.73,-86.45
5305.66,-89.28
5308.59,-88.89
5311.52,-85.37
5314.45,-87.64
5317.38,-86.52
5320.31,-83.98
5323.24,-86.82
5326.17,-88.40
5329.10,-85.76
5332.03,-89.66
5334.96,-89.77
5337.89,-87.01
5340.82,-89.66
5343.75,-88.73
5346.68,-87.54
5349.61,-90.69
5352.54,-88.86
5355.47,-87.10
5358.40,-91.85
5361.33,-89.76
5364.26,-88.37
5367.19,-93.45
5370.12,-94.94
5373.05,-92.45
5375.98,-96.83
5378.91,-100.37
5381.84,-96.70
5384.77,-95.27
5387.70,-96.83
5390.63,-101.91
5393.55,-93.02
5396.48,-91.81
5399.41,-95.35
5402.34,-90.20
5405.27,-89.01
5408.20,-92.12
5411.13,-90.20
5414.06,-87.83
5416.99,-90.78
5419.92,-91.92
5422.85,-89.65
5425.78,-92.94
5428.71,-94.75
5431.64,-90.23
5434.57,-93.19
5437.50,-96.11
5440.43,-90.28
5443.36,-93.34
5446.29,-94.98
5449.22,-91.78
5452.15,-96.34
5455.08,-96.46
5458.01,-93.63
5460.94,-99.91
5463.87,-97.98
5466.80,-94.29
5469.73,-95.74
5472.66,-91.11
5475.59,-89.33
5478.52,-90.81
5481.45,-87.68
5484.38,-86.85
5487.30,-88.86
5490.23,-88.96
5493.16,-86.83
5496.09,-88.82
5499.02,-91.76
5501.95,-88.97
5504.88,-89.65
5507.81,-88.44
5510.74,-87.38
5513.67,-89.16
5516.60,-90.16
5519.53,-87.37
5522.46,-88.93
5525.39,-92.78
5528.32,-88.98
5531.25,-90.25
5534.18,-95.46
5537.11,-89.81
5540.04,-91.01
5542.97,-98.16
5545.90,-91.80
5548.83,-92.42
5551.76,-96.87
5554.69,-91.50
5557.62,-92.80
5560.55,-98.34
5563.48,-91.15
5566.41,-91.77
5569.34,-95.88
5572.27,-95.66
5575.20,-92.94
5578.13,-93.43
5581.05,-94.93
5583.98,-95.22
5586.91,-91.70
5589.84,-92.60
5592.77,-96.31
5595.70,-91.87
5598.63,-90.47
5601.56,-94.71
5604.49,-95.75
5607.42,-92.54
5610.35,-94.30
5613.28,-94.21
5616.21,-92.66
5619.14,-95.18
5622.07,-90.89
5625.00,-89.28
5627.93,-96.33
5630.86,-91.41
5633.79,-86.37
5636.72,-91.75
5639.65,-91.69
5642.58,-85.19
5645.51,-88.00
5648.44,-96.79
5651.37,-87.26
5654.30,-87.64
5657.23,-93.97
5660.16,-87.75
5663.09,-88.15
5666.02,-92.35
5668.95,-90.25
5671.88,-88.00
5674.80,-90.09
5677.73,-90.07
5680.66,-87.43
5683.59,-89.42
5686.52,-88.69
5689.45,-87.79
5692.38,-88.84
5695.31,-91.88
5698.24,-89.78
5701.17,-88.93
5704.10,-95.41
5707.03,-90.49
5709.96,-87.89
5712.89,-92.87
5715.82,-90.51
5718.75,-87.33
5721.68,-89.18
5724.61,-91.00
5727.54,-88.41
5730.47,-89.97
5733.40,-91.66
5736.33,-90.65
5739.26,-91.90
5742.19,-94.68
5745.12,-93.55
5748.05,-91.11
5750.98,-93.89
5753.91,-94.61
5756.84,-90.52
5759.77,-93.94
5762.70,-95.46
5765.63,-91.92
5768.55,-95.24
5771.48,-93.87
5774.41,-93.51
5777.34,-95.42
5780.27,-92.04
5783.20,-92.63
5786.13,-93.53
5789.06,-87.72
5791.99,-91.03
5794.92,-95.05
5797.85,-89.90
5800.78,-91.76
5803.71,-92.12
5806.64,-91.42
5809.57,-89.13
5812.50,-87.66
5815.43,-87.58
5818.36,-86.72
5821.29,-88.28
5824.22,-90.25
5827.15,-88.79
5830.08,-92.82
5833.01,-88.25
5835.94,-85.94
5838.87,-92.18
5841.80,-94.73
5844.73,-89.00
5847.66,-90.80
5850.59,-94.22
5853.52,-86.48
5856.45,-87.89
5859.38,-93.37
5862.30,-88.97
5865.23,-87.68
5868.16,-93.55
5871.09,-96.96
5874.02,-88.42
5876.95,-89.14
5879.88,-90.41
5882.81,-88.55
5885.74,-91.53
5888.67,-89.44
5891.60,-86.65
5894.53,-89.26
5897.46,-87.77
5900.39,-88.16
5903.32,-87.76
5906.25,-87.60
5909.18,-85.69
5912.11,-83.68
5915.04,-83.68
5917.97,-85.84
5920.90,-93.62
5923.83,-92.09
5926.76,-84.56
5929.69,-86.77
5932.62,-89.37
5935.55,-86.35
5938.48,-90.80
5941.41,-100.57
5944.34,-92.07
5947.27,-89.00
5950.20,-91.53
5953.13,-92.83
5956.05,-92.47
5958.98,-96.91
5961.91,-92.95
5964.84,-95.44
5967.77,-91.38
5970.70,-92.46
5973.63,-89.10
5976.56,-86.30
5979.49,-86.98
5982.42,-88.57
5985.35,-88.67
5988.28,-86.39
5991.21,-84.40
5994.14,-84.21
5997.07,-86.15
6000.00,-88.21
6002.93,-95.28
6005.86,-97.15
6008.79,-92.57
6011.72,-89.22
6014.65,-91.87
6017.58,-92.91
6020.51,-88.75
6023.44,-88.06
6026.37,-89.17
6029.30,-86.60
6032.23,-88.45
6035.16,-93.87
6038.09,-92.30
6041.02,-92.57
6043.95,-95.02
6046.88,-89.54
6049.80,-87.47
6052.73,-85.66
6055.66,-86.60
6058.59,-87.93
6061.52,-86.94
6064.45,-89.75
6067.38,-93.13
6070.31,-92.08
6073.24,-89.04
6076.17,-88.00
6079.10,-86.35
6082.03,-87.13
6084.96,-86.68
6087.89,-86.52
6090.82,-89.83
6093.75,-95.70
6096.68,-96.06
6099.61,-94.34
6102.54,-94.46
6105.47,-92.83
6108.40,-93.20
6111.33,-98.83
6114.26,-94.35
6117.19,-91.15
6120.12,-87.71
6123.05,-89.31
6125.98,-91.44
6128.91,-90.83
6131.84,-90.78
6134.77,-90.61
6137.70,-86.10
6140.63,-85.57
6143.55,-87.73
6146.48,-85.48
6149.41,-87.44
6152.34,-88.77
6155.27,-90.93
6158.20,-94.00
6161.13,-93.84
6164.06,-92.90
6166.99,-93.39
6169.92,-92.78
6172.85,-88.68
6175.78,-86.79
6178.71,-88.09
6181.64,-88.31
6184.57,-91.09
6187.50,-91.22
6190.43,-88.07
6193.36,-87.08
6196.29,-87.00
6199.22,-88.00
6202.15,-86.85
6205.08,-89.75
6208.01,-88.72
6210.94,-88.96
6213.87,-96.45
6216.80,-93.09
6219.73,-93.95
6222.66,-97.30
6225.59,-92.92
6228.52,-91.51
6231.45,-94.34
6234.38,-90.54
6237.30,-90.90
6240.23,-85.99
6243.16,-85.21
6246.09,-90.10
6249.02,-90.56
6251.95,-93.45
6254.88,-97.43
6257.81,-101.86
6260.74,-100.46
6263.67,-99.92
6266.60,-98.59
6269.53,-97.01
6272.46,-99.16
6275.39,-90.73
6278.32,-88.77
6281.25,-90.57
6284.18,-87.40
6287.11,-90.13
6290.04,-91.68
6292.97,-91.82
6295.90,-91.13
6298.83,-94.73
6301.76,-93.58
6304.69,-90.45
6307.62,-92.97
6310.55,-95.33
6313.48,-91.91
6316.41,-91.58
6319.34,-92.54
6322.27,-92.07
6325.20,-90.69
6328.13,-93.59
6331.05,-92.05
6333.98,-93.58
6336.91,-91.27
6339.84,-87.37
6342.77,-90.35
6345.70,-93.84
6348.63,-94.80
6351.56,-101.59
6354.49,-101.42
6357.42,-104.12
6360.35,-106.82
6363.28,-101.59
6366.21,-99.79
6369.14,-102.16
6372.07,-96.04
6375.00,-95.18
6377.93,-93.57
6380.86,-90.40
6383.79,-92.23
6386.72,-96.67
6389.65,-96.81
6392.58,-99.03
6395.51,-95.01
6398.44,-96.42
6401.37,-93.81
6404.30,-94.69
6407.23,-94.20
6410.16,-95.43
6413.09,-92.46
6416.02,-88.79
6418.95,-88.90
6421.88,-93.08
6424.80,-96.68
6427.73,-97.76
6430.66,-99.08
6433.59,-96.14
6436.52,-96.61
6439.45,-95.74
6442.38,-94.36
6445.31,-94.82
6448.24,-96.78
6451.17,-98.18
6454.10,-101.20
6457.03,-108.89
6459.96,-106.91
6462.89,-104.12
6465.82,-101.11
6468.75,-99.67
6471.68,-97.12
6474.61,-98.65
6477.54,-99.84
6480.47,-97.82
6483.40,-97.49
6486.33,-96.88
6489.26,-95.63
6492.19,-95.18
6495.12,-93.77
6498.05,-96.64
6500.98,-97.80
6503.91,-97.78
6506.84,-101.68
6509.77,-102.87
6512.70,-97.85
6515.63,-95.50
6518.55,-94.47
6521.48,-95.25
6524.41,-98.55
6527.34,-101.96
6530.27,-100.41
6533.20,-97.94
6536.13,-98.64
6539.06,-98.35
6541.99,-95.35
6544.92,-95.04
6547.85,-94.91
6550.78,-94.84
6553.71,-95.79
6556.64,-96.82
6559.57,-95.71
6562.50,-97.47
6565.43,-98.45
6568.36,-100.87
6571.29,-100.62
6574.22,-101.94
6577.15,-105.47
6580.08,-107.04
6583.01,-107.78
6585.94,-111.51
6588.87,-108.59
6591.80,-107.22
6594.73,-105.91
6597.66,-110.38
6600.59,-107.76
6603.52,-109.64
6606.45,-101.30
6609.38,-102.73
6612.30,-108.56
6615.23,-107.37
6618.16,-103.67
6621.09,-106.31
6624.02,-108.09
6626.95,-108.31
6629.88,-111.99
6632.81,-104.38
6635.74,-102.29
6638.67,-99.47
6641.60,-98.35
6644.53,-99.79
6647.46,-104.00
6650.39,-105.57
6653.32,-101.94
6656.25,-103.44
6659.18,-100.00
6662.11,-98.61
6665.04,-95.11
6667.97,-94.47
6670.90,-94.98
6673.83,-96.19
6676.76,-102.50
6679.69,-103.17
6682.62,-97.36
6685.55,-95.53
6688.48,-96.47
6691.41,-99.26
6694.34,-95.38
6697.27,-94.90
6700.20,-98.80
6703.13,-100.20
6706.05,-94.82
6708.98,-91.15
6711.91,-92.90
6714.84,-94.17
6717.77,-91.47
6720.70,-90.49
6723.63,-93.54
6726.56,-94.88
6729.49,-93.53
6732.42,-93.84
6735.35,-99.22
6738.28,-102.06
6741.21,-100.12
6744.14,-99.10
6747.07,-100.51
6750.00,-98.59
6752.93,-95.08
6755.86,-96.58
6758.79,-96.56
6761.72,-96.24
6764.65,-101.41
6767.58,-97.75
6770.51,-99.57
6773.44,-109.92
6776.37,-100.52
6779.30,-99.87
6782.23,-103.37
6785.16,-99.35
6788.09,-98.12
6791.02,-102.67
6793.95,-109.36
6796.88,-110.13
6799.80,-103.85
6802.73,-105.63
6805.66,-105.86
6808.59,-102.58
6811.52,-97.32
6814.45,-95.81
6817.38,-95.03
6820.31,-96.65
6823.24,-102.26
6826.17,-101.33
6829.10,-99.34
6832.03,-99.78
6834.96,-96.59
6837.89,-93.36
6840.82,-98.08
6843.75,-96.23
6846.68,-91.88
6849.61,-93.40
6852.54,-95.38
6855.47,-92.89
6858.40,-96.36
6861.33,-100.56
6864.26,-97.25
6867.19,-98.05
6870.12,-96.24
6873.05,-97.93
6875.98,-95.86
6878.91,-91.65
6881.84,-91.48
6884.77,-94.66
6887.70,-95.84
6890.63,-94.19
6893.55,-94.94
6896.48,-96.77
6899.41,-94.82
6902.34,-92.58
6905.27,-93.10
6908.20,-95.71
6911.13,-95.63
6914.06,-94.70
6916.99,-97.88
6919.92,-102.21
6922.85,-96.98
6925.78,-98.93
6928.71,-97.96
6931.64,-91.99
6934.57,-91.93
6937.50,-93.89
6940.43,-92.04
6943.36,-89.72
6946.29,-90.11
6949.22,-90.98
6952.15,-90.76
6955.08,-91.54
6958.01,-94.30
6960.94,-100.03
6963.87,-96.35
6966.80,-94.44
6969.73,-103.23
6972.66,-101.57
6975.59,-99.42
6978.52,-105.40
6981.45,-103.94
6984.38,-97.74
6987.30,-101.51
6990.23,-100.77
6993.16,-94.50
6996.09,-98.12
6999.02,-98.20
7001.95,-94.31
7004.88,-92.71
7007.81,-91.69
7010.74,-93.90
7013.67,-93.09
7016.60,-90.89
7019.53,-93.48
7022.46,-98.31
7025.39,-93.63
7028.32,-94.23
7031.25,-96.11
7034.18,-90.62
7037.11,-90.68
7040.04,-92.99
7042.97,-94.54
7045.90,-90.87
7048.83,-88.71
7051.76,-91.01
7054.69,-94.02
7057.62,-90.32
7060.55,-89.21
7063.48,-94.05
7066.41,-91.93
7069.34,-88.30
7072.27,-92.73
7075.20,-94.94
7078.13,-87.90
7081.05,-88.26
7083.98,-91.42
7086.91,-90.85
7089.84,-87.83
7092.77,-86.48
7095.70,-88.98
7098.63,-89.99
7101.56,-87.88
7104.49,-87.93
7107.42,-88.30
7110.35,-88.20
7113.28,-87.04
7116.21,-87.41
7119.14,-90.90
7122.07,-94.77
7125.00,-91.58
7127.93,-89.47
7130.86,-89.82
7133.79,-95.50
7136.72,-95.01
7139.65,-90.92
7142.58,-89.80
7145.51,-91.60
7148.44,-92.98
7151.37,-91.48
7154.30,-90.62
7157.23,-94.66
7160.16,-98.78
7163.09,-91.30
7166.02,-90.78
7168.95,-93.26
7171.88,-90.31
7174.80,-89.32
7177.73,-91.70
7180.66,-90.81
7183.59,-90.81
7186.52,-92.53
7189.45,-96.99
7192.38,-91.41
7195.31,-92.62
7198.24,-96.08
7201.17,-89.12
7204.10,-90.32
7207.03,-88.85
7209.96,-85.56
7212.89,-85.39
7215.82,-86.45
7218.75,-86.09
7221.68,-85.96
7224.61,-89.02
7227.54,-89.35
7230.47,-87.24
7233.40,-84.04
7236.33,-82.52
7239.26,-82.43
7242.19,-80.63
7245.12,-79.57
7248.05,-80.75
7250.98,-81.91
7253.91,-82.89
7256.84,-84.31
7259.77,-88.17
7262.70,-88.35
7265.63,-88.62
7268.55,-93.15
7271.48,-90.22
7274.41,-89.99
7277.34,-93.08
7280.27,-91.23
7283.20,-91.92
7286.13,-93.27
7289.06,-93.66
7291.99,-94.51
7294.92,-99.77
7297.85,-96.96
7300.78,-96.50
7303.71,-96.41
7306.64,-92.62
7309.57,-94.64
7312.50,-100.97
7315.43,-96.31
7318.36,-95.74
7321.29,-99.23
7324.22,-95.17
7327.15,-93.44
7330.08,-92.58
7333.01,-94.30
7335.94,-91.84
7338.87,-89.40
7341.80,-89.57
7344.73,-86.53
7347.66,-85.38
7350.59,-86.98
7353.52,-86.44
7356.45,-85.54
7359.38,-85.26
7362.30,-85.07
7365.23,-85.37
7368.16,-84.33
7371.09,-84.69
7374.02,-88.85
7376.95,-90.49
7379.88,-89.07
7382.81,-97.21
7385.74,-93.53
7388.67,-89.91
7391.60,-87.23
7394.53,-87.34
7397.46,-87.64
7400.39,-88.70
7403.32,-94.87
7406.25,-96.67
7409.18,-90.69
7412.11,-85.90
7415.04,-87.69
7417.97,-85.84
7420.90,-83.25
7423.83,-86.95
7426.76,-94.03
7429.69,-94.46
7432.62,-90.45
7435.55,-87.62
7438.48,-90.18
7441.41,-95.64
7444.34,-94.29
7447.27,-88.51
7450.20,-85.47
7453.13,-86.02
7456.05,-84.64
7458.98,-84.34
7461.91,-87.79
7464.84,-89.74
7467.77,-89.09
7470.70,-90.17
7473.63,-96.24
7476.56,-97.64
7479.49,-93.49
7482.42,-94.96
7485.35,-94.34
7488.28,-96.42
7491.21,-99.73
7494.14,-96.07
7497.07,-96.87
7500.00,-99.35
7502.93,-96.96
7505.86,-98.59
7508.79,-98.05
7511.72,-99.27
7514.65,-98.49
7517.58,-94.61
7520.51,-90.53
7523.44,-91.14
7526.37,-92.47
7529.30,-92.25
7532.23,-92.28
7535.16,-96.17
7538.09,-102.87
7541.02,-104.26
7543.95,-102.89
7546.88,-99.77
7549.80,-93.15
7552.73,-93.20
7555.66,-92.26
7558.59,-89.35
7561.52,-88.05
7564.45,-89.22
7567.38,-90.16
7570.31,-88.89
7573.24,-90.05
7576.17,-92.15
7579.10,-89.80
7582.03,-88.65
7584.96,-88.64
7587.89,-92.50
7590.82,-91.48
7593.75,-88.90
7596.68,-89.13
7599.61,-93.95
7602.54,-92.75
7605.47,-88.91
7608.40,-91.19
7611.33,-88.36
7614.26,-89.16
7617.19,-87.41
7620.12,-83.66
7623.05,-87.10
7625.98,-89.73
7628.91,-87.28
7631.84,-86.44
7634.77,-90.21
7637.70,-91.44
7640.63,-87.61
7643.55,-91.20
7646.48,-93.24
7649.41,-91.79
7652.34,-97.26
7655.27,-94.04
7658.20,-89.25
7661.13,-94.08
7664.06,-93.87
7666.99,-89.80
7669.92,-90.38
7672.85,-89.48
7675.78,-93.82
7678.71,-92.88
7681.64,-90.59
7684.57,-90.98
7687.50,-94.79
7690.43,-94.69
7693.36,-91.89
7696.29,-94.62
7699.22,-95.21
7702.15,-92.84
7705.08,-93.46
7708.01,-93.06
7710.94,-96.77
7713.87,-93.33
7716.80,-91.51
7719.73,-93.64
7722.66,-92.81
7725.59,-90.59
7728.52,-89.73
7731.45,-94.09
7734.38,-97.40
7737.30,-91.23
7740.23,-92.13
7743.16,-95.61
7746.09,-92.31
7749.02,-91.52
7751.95,-93.05
7754.88,-94.72
7757.81,-90.23
7760.74,-89.60
7763.67,-91.16
7766.60,-95.64
7769.53,-94.16
7772.46,-90.41
7775.39,-92.36
7778.32,-94.35
7781.25,-90.36
7784.18,-91.68
7787.11,-93.90
7790.04,-92.85
7792.97,-88.98
7795.90,-88.31
7798.83,-90.39
7801.76,-93.37
7804.69,-89.52
7807.62,-87.25
7810.55,-91.63
7813.48,-101.63
7816.41,-91.33
7819.34,-87.35
7822.27,-90.91
7825.20,-92.06
7828.13,-89.89
7831.05,-87.78
7833.98,-85.41
7836.91,-89.59
7839.84,-92.44
7842.77,-88.04
7845.70,-87.89
7848.63,-95.99
7851.56,-92.88
7854.49,-88.00
7857.42,-93.28
7860.35,-100.24
7863.28,-92.08
7866.21,-93.96
7869.14,-98.40
7872.07,-94.92
7875.00,-97.24
7877.93,-97.38
7880.86,-95.92
7883.79,-94.03
7886.72,-94.64
7889.65,-94.60
7892.58,-92.34
7895.51,-93.68
7898.44,-93.90
7901.37,-93.95
7904.30,-91.88
7907.23,-95.57
7910.16,-94.30
7913.09,-90.09
7916.02,-93.50
7918.95,-93.62
7921.88,-92.36
7924.80,-93.80
7927.73,-93.13
7930.66,-94.67
7933.59,-95.05
7936.52,-92.33
7939.45,-93.02
7942.38,-102.88
7945.31,-97.19
7948.24,-91.04
7951.17,-95.43
7954.10,-96.91
7957.03,-90.11
7959.96,-91.05
7962.89,-96.26
7965.82,-91.29
7968.75,-91.07
7971.68,-97.49
7974.61,-94.38
7977.54,-90.64
7980.47,-94.58
7983.40,-97.09
7986.33,-90.18
7989.26,-92.93
7992.19,-95.36
7995.12,-94.28
7998.05,-96.02
8000.98,-97.14
8003.91,-94.77
8006.84,-93.98
8009.77,-103.59
8012.70,-103.21
8015.63,-94.90
8018.55,-93.51
8021.48,-94.94
8024.41,-95.19
8027.34,-90.98
8030.27,-90.37
8033.20,-94.16
8036.13,-92.26
8039.06,-91.52
8041.99,-96.13
8044.92,-98.08
8047.85,-95.03
8050.78,-100.24
8053.71,-102.79
8056.64,-103.60
8059.57,-105.81
8062.50,-110.36
8065.43,-105.55
8068.36,-99.88
8071.29,-102.51
8074.22,-104.03
8077.15,-102.06
8080.08,-101.05
8083.01,-96.38
8085.94,-103.65
8088.87,-96.16
8091.80,-94.70
8094.73,-99.03
8097.66,-94.94
8100.59,-93.29
8103.52,-95.87
8106.45,-94.61
8109.38,-91.73
8112.30,-95.95
8115.23,-98.80
8118.16,-96.34
8121.09,-99.26
8124.02,-99.68
8126.95,-95.09
8129.88,-99.96
8132.81,-102.26
8135.74,-96.31
8138.67,-97.99
8141.60,-96.68
8144.53,-93.86
8147.46,-94.08
8150.39,-96.69
8153.32,-93.57
8156.25,-93.61
8159.18,-98.50
8162.11,-94.20
8165.04,-97.69
8167.97,-99.33
8170.90,-94.72
8173.83,-98.12
8176.76,-99.84
8179.69,-95.18
8182.62,-100.03
8185.55,-102.00
8188.48,-100.02
8191.41,-99.63
8194.34,-103.36
8197.27,-100.35
8200.20,-100.32
8203.13,-97.70
8206.05,-98.72
8208.98,-102.62
8211.91,-100.37
8214.84,-99.55
8217.77,-104.29
8220.70,-107.52
8223.63,-101.53
8226.56,-96.66
8229.49,-102.61
8232.42,-108.99
8235.35,-99.44
8238.28,-100.11
8241.21,-108.36
8244.14,-100.99
8247.07,-97.47
8250.00,-101.82
8252.93,-101.15
8255.86,-96.49
8258.79,-102.71
8261.72,-98.32
8264.65,-95.61
8267.58,-102.24
8270.51,-99.65
8273.44,-97.01
8276.37,-100.17
8279.30,-97.16
8282.23,-95.94
8285.16,-98.03
8288.09,-100.48
8291.02,-95.22
8293.95,-98.63
8296.88,-103.36
8299.80,-99.75
8302.73,-100.34
8305.66,-105.88
8308.59,-106.82
8311.52,-104.27
8314.45,-101.32
8317.38,-103.43
8320.31,-104.74
8323.24,-102.23
8326.17,-102.96
8329.10,-101.35
8332.03,-102.17
8334.96,-104.39
8337.89,-98.54
8340.82,-97.48
8343.75,-100.90
8346.68,-95.76
8349.61,-95.30
8352.54,-100.76
8355.47,-96.48
8358.40,-94.53
8361.33,-97.11
8364.26,-97.06
8367.19,-93.77
8370.12,-101.00
8373.05,-100.08
8375.98,-96.71
8378.91,-99.61
8381.84,-98.09
8384.77,-96.13
8387.70,-99.02
8390.63,-101.01
8393.55,-99.23
8396.48,-99.43
8399.41,-99.70
8402.34,-98.65
8405.27,-101.99
8408.20,-103.36
8411.13,-102.12
8414.06,-97.61
8416.99,-97.59
8419.92,-100.78
8422.85,-95.91
8425.78,-94.02
8428.71,-95.91
8431.64,-95.77
8434.57,-93.94
8437.50,-94.98
8440.43,-96.02
8443.36,-94.81
8446.29,-96.81
8449.22,-97.63
8452.15,-94.40
8455.08,-94.16
8458.01,-96.06
8460.94,-96.98
8463.87,-95.32
8466.80,-94.14
8469.73,-96.99
8472.66,-95.59
8475.59,-95.88
8478.52,-98.78
8481.45,-94.09
8484.38,-96.19
8487.30,-97.84
8490.23,-96.34
8493.16,-96.28
8496.09,-98.00
8499.02,-96.71
8501.95,-97.08
8504.88,-101.41
8507.81,-98.08
8510.74,-97.22
8513.67,-101.02
8516.60,-98.94
8519.53,-95.12
8522.46,-99.76
8525.39,-100.18
8528.32,-95.49
8531.25,-97.95
8534.18,-98.68
8537.11,-94.09
8540.04,-96.88
8542.97,-103.35
8545.90,-94.02
8548.83,-96.24
8551.76,-105.58
8554.69,-95.73
8557.62,-96.02
8560.55,-103.77
8563.48,-98.93
8566.41,-94.54
8569.34,-98.41
8572.27,-101.32
8575.20,-99.79
8578.13,-100.26
8581.05,-100.30
8583.98,-96.58
8586.91,-98.16
8589.84,-103.33
8592.77,-97.19
8595.70,-98.95
8598.63,-102.53
8601.56,-100.55
8604.49,-97.89
8607.42,-100.25
8610.35,-99.69
8613.28,-95.95
8616.21,-96.36
8619.14,-102.52
8622.07,-97.29
8625.00,-95.57
8627.93,-102.22
8630.86,-98.54
8633.79,-94.43
8636.72,-96.97
8639.65,-101.20
8642.58,-94.95
8645.51,-97.76
8648.44,-102.62
8651.37,-96.02
8654.30,-95.68
8657.23,-101.74
8660.16,-97.93
8663.09,-97.68
8666.02,-100.06
8668.95,-99.41
8671.88,-97.75
8674.80,-101.17
8677.73,-103.52
8680.66,-98.59
8683.59,-98.29
8686.52,-100.60
8689.45,-103.12
8692.38,-100.20
8695.31,-101.43
8698.24,-102.63
8701.17,-101.67
8704.10,-99.50
8707.03,-104.17
8709.96,-105.92
8712.89,-100.11
8715.82,-99.84
8718.75,-100.81
8721.68,-101.54
8724.61,-97.55
8727.54,-100.08
8730.47,-104.37
8733.40,-98.99
8736.33,-95.36
8739.26,-97.50
8742.19,-98.71
8745.12,-94.91
8748.05,-98.39
8750.98,-106.25
8753.91,-97.86
8756.84,-96.09
8759.77,-101.97
8762.70,-96.90
8765.63,-94.66
8768.55,-97.91
8771.48,-102.86
8774.41,-97.77
8777.34,-99.61
8780.27,-109.32
8783.20,-101.07
8786.13,-100.32
8789.06,-105.52
8791.99,-104.87
8794.92,-100.82
8797.85,-102.56
8800.78,-103.37
8803.71,-101.37
8806.64,-97.41
8809.57,-101.57
8812.50,-109.74
8815.43,-98.32
8818.36,-97.78
8821.29,-101.95
8824.22,-107.27
8827.15,-100.74
8830.08,-99.58
8833.01,-106.89
8835.94,-98.10
8838.87,-97.35
8841.80,-103.66
8844.73,-98.62
8847.66,-95.46
8850.59,-100.85
8853.52,-97.08
8856.45,-92.82
8859.38,-95.75
8862.30,-98.96
8865.23,-93.64
8868.16,-95.68
8871.09,-102.64
8874.02,-94.47
8876.95,-95.53
8879.88,-99.80
8882.81,-98.68
8885.74,-98.09
8888.67,-97.49
8891.60,-96.83
8894.53,-99.10
8897.46,-95.98
8900.39,-95.03
8903.32,-98.91
8906.25,-93.08
8909.18,-91.63
8912.11,-98.00
8915.04,-93.08
8917.97,-90.77
8920.90,-96.36
8923.83,-93.68
8926.76,-90.21
8929.69,-94.76
8932.62,-95.47
8935.55,-91.37
8938.48,-94.12
8941.41,-96.55
8944.34,-91.88
8947.27,-92.78
8950.20,-99.74
8953.13,-94.87
8956.05,-93.74
8958.98,-98.85
8961.91,-99.37
8964.84,-96.02
8967.77,-97.99
8970.70,-99.44
8973.63,-98.64
8976.56,-97.68
8979.49,-97.71
8982.42,-101.04
8985.35,-97.66
8988.28,-98.37
8991.21,-102.94
8994.14,-99.74
8997.07,-98.85
9000.00,-103.26
9002.93,-98.50
9005.86,-97.47
9008.79,-100.05
9011.72,-97.00
9014.65,-94.40
9017.58,-98.13
9020.51,-98.39
9023.44,-93.60
9026.37,-93.41
9029.30,-96.60
9032.23,-95.61
9035.16,-95.09
9038.09,-102.31
9041.02,-96.05
9043.95,-94.12
9046.88,-98.52
9049.80,-96.83
9052.73,-95.80
9055.66,-99.89
9058.59,-99.26
9061.52,-94.50
9064.45,-98.19
9067.38,-97.91
9070.31,-93.85
9073.24,-95.14
9076.17,-97.50
9079.10,-96.54
9082.03,-97.53
9084.96,-102.97
9087.89,-96.64
9090.82,-96.38
9093.75,-100.85
9096.68,-97.94
9099.61,-96.39
9102.54,-101.58
9105.47,-98.66
9108.40,-94.87
9111.33,-100.64
9114.26,-98.49
9117.19,-95.88
9120.12,-98.61
9123.05,-99.87
9125.98,-96.15
9128.91,-99.97
9131.84,-103.73
9134.77,-98.41
9137.70,-100.48
9140.63,-101.04
9143.55,-98.63
9146.48,-105.12
9149.41,-98.31
9152.34,-95.21
9155.27,-98.11
9158.20,-97.84
9161.13,-96.30
9164.06,-99.56
9166.99,-100.07
9169.92,-93.63
9172.85,-94.57
9175.78,-101.12
9178.71,-95.12
9181.64,-95.03
9184.57,-102.00
9187.50,-95.76
9190.43,-95.96
9193.36,-101.62
9196.29,-95.71
9199.22,-94.04
9202.15,-98.66
9205.08,-98.60
9208.01,-95.27
9210.94,-98.12
9213.87,-99.49
9216.80,-96.14
9219.73,-96.19
9222.66,-96.46
9225.59,-93.97
9228.52,-96.54
9231.45,-100.00
9234.38,-95.16
9237.30,-97.64
9240.23,-100.41
9243.16,-96.02
9246.09,-97.64
9249.02,-97.83
9251.95,-94.20
9254.88,-98.03
9257.81,-95.61
9260.74,-91.85
9263.67,-94.49
9266.60,-95.62
9269.53,-94.05
9272.46,-95.28
9275.39,-97.04
9278.32,-92.05
9281.25,-94.74
9284.18,-99.08
9287.11,-92.93
9290.04,-95.54
9292.97,-100.41
9295.90,-95.37
9298.83,-95.35
9301.76,-98.00
9304.69,-93.43
9307.62,-93.46
9310.55,-95.93
9313.48,-94.54
9316.41,-93.44
9319.34,-96.50
9322.27,-96.76
9325.20,-93.47
9328.13,-98.46
9331.05,-99.41
9333.98,-95.09
9336.91,-96.98
9339.84,-98.70
9342.77,-96.50
9345.70,-98.24
9348.63,-97.62
9351.56,-96.15
9354.49,-94.18
9357.42,-96.10
9360.35,-101.24
9363.28,-96.69
9366.21,-95.48
9369.14,-97.25
9372.07,-95.53
9375.00,-94.11
9377.93,-95.78
9380.86,-99.91
9383.79,-99.36
9386.72,-96.84
9389.65,-97.32
9392.58,-99.10
9395.51,-97.88
9398.44,-96.94
9401.37,-99.84
9404.30,-96.25
9407.23,-98.88
9410.16,-101.34
9413.09,-96.22
9416.02,-99.80
9418.95,-108.04
9421.88,-95.74
9424.80,-93.44
9427.73,-100.46
9430.66,-100.72
9433.59,-92.78
9436.52,-94.17
9439.45,-100.98
9442.38,-95.63
9445.31,-94.75
9448.24,-101.07
9451.17,-94.49
9454.10,-92.78
9457.03,-97.24
9459.96,-95.72
9462.89,-92.02
9465.82,-93.24
9468.75,-94.28
9471.68,-92.39
9474.61,-93.22
9477.54,-97.69
9480.47,-94.45
9483.40,-91.02
9486.33,-94.76
9489.26,-94.08
9492.19,-92.54
9495.12,-94.74
9498.05,-93.92
9500.98,-92.32
9503.91,-98.01
9506.84,-98.88
9509.77,-92.97
9512.70,-96.42
9515.63,-95.93
9518.55,-94.00
9521.48,-96.17
9524.41,-101.97
9527.34,-94.88
9530.27,-96.37
9533.20,-101.46
9536.13,-95.41
9539.06,-99.09
9541.99,-100.02
9544.92,-94.02
9547.85,-98.40
9550.78,-103.48
9553.71,-96.16
9556.64,-97.95
9559.57,-100.50
9562.50,-99.28
9565.43,-99.46
9568.36,-97.76
9571.29,-103.40
9574.22,-98.97
9577.15,-98.79
9580.08,-100.05
9583.01,-106.64
9585.94,-96.45
9588.87,-97.76
9591.80,-103.73
9594.73,-98.53
9597.66,-100.32
9600.59,-113.40
9603.52,-104.96
9606.45,-101.79
9609.38,-104.16
9612.30,-97.19
9615.23,-98.21
9618.16,-103.60
9621.09,-94.09
9624.02,-91.30
9626.95,-94.54
9629.88,-96.73
9632.81,-91.70
9635.74,-92.76
9638.67,-95.94
9641.60,-95.21
9644.53,-92.71
9647.46,-92.23
9650.39,-93.95
9653.32,-94.41
9656.25,-92.54
9659.18,-93.65
9662.11,-93.26
9665.04,-93.72
9667.97,-94.15
9670.90,-90.66
9673.83,-90.42
9676.76,-92.76
9679.69,-91.83
9682.62,-90.87
9685.55,-93.04
9688.48,-94.00
9691.41,-93.68
9694.34,-99.69
9697.27,-100.71
9700.20,-98.26
9703.13,-100.39
9706.05,-100.70
9708.98,-104.93
9711.91,-99.18
9714.84,-94.77
9717.77,-96.48
9720.70,-97.85
9723.63,-94.96
9726.56,-96.49
9729.49,-97.61
9732.42,-96.46
9735.35,-95.26
9738.28,-95.16
9741.21,-101.67
9744.14,-99.87
9747.07,-100.08
9750.00,-105.22
9752.93,-101.83
9755.86,-102.72
9758.79,-99.30
9761.72,-101.05
9764.65,-98.34
9767.58,-97.90
9770.51,-96.40
9773.44,-93.35
9776.37,-95.04
9779.30,-95.55
9782.23,-89.67
9785.16,-89.18
9788.09,-94.42
9791.02,-89.68
9793.95,-87.95
9796.88,-90.33
9799.80,-90.66
9802.73,-88.79
9805.66,-88.16
9808.59,-90.97
9811.52,-90.22
9814.45,-89.39
9817.38,-90.46
9820.31,-89.50
9823.24,-91.48
9826.17,-90.38
9829.10,-87.93
9832.03,-89.13
9834.96,-92.03
9837.89,-87.98
9840.82,-87.26
9843.75,-92.18
9846.68,-89.72
9849.61,-87.43
9852.54,-91.37
9855.47,-94.72
9858.40,-89.10
9861.33,-88.22
9864.26,-92.65
9867.19,-94.47
9870.12,-90.80
9873.05,-94.70
9875.98,-97.66
9878.91,-96.95
9881.84,-97.01
9884.77,-92.99
9887.70,-96.09
9890.63,-99.12
9893.55,-95.02
9896.48,-97.43
9899.41,-97.91
9902.34,-96.03
9905.27,-98.69
9908.20,-97.41
9911.13,-100.11
9914.06,-96.90
9916.99,-95.91
9919.92,-97.20
9922.85,-94.91
9925.78,-95.48
9928.71,-91.84
9931.64,-92.86
9934.57,-95.74
9937.50,-91.40
9940.43,-90.84
9943.36,-93.55
9946.29,-91.88
9949.22,-89.57
9952.15,-91.24
9955.08,-91.49
9958.01,-92.89
9960.94,-92.02
9963.87,-91.91
9966.80,-94.36
9969.73,-90.97
9972.66,-91.41
9975.59,-94.22
9978.52,-92.61
9981.45,-92.89
9984.38,-95.55
9987.30,-92.39
9990.23,-92.28
9993.16,-93.69
9996.09,-91.18
9999.02,-93.30
10001.95,-93.53
10004.88,-95.27
10007.81,-92.82
10010.74,-90.70
10013.67,-93.30
10016.60,-91.41
10019.53,-90.91
10022.46,-92.80
10025.39,-92.37
10028.32,-90.67
10031.25,-92.64
10034.18,-95.73
10037.11,-91.67
10040.04,-93.88
10042.97,-100.08
10045.90,-98.80
10048.83,-98.15
10051.76,-98.11
10054.69,-100.94
10057.62,-102.82
10060.55,-102.66
10063.48,-99.60
10066.41,-98.43
10069.34,-100.87
10072.27,-103.77
10075.20,-103.65
10078.13,-100.73
10081.05,-99.53
10083.98,-102.41
10086.91,-104.13
10089.84,-104.25
10092.77,-99.00
10095.70,-98.90
10098.63,-99.99
10101.56,-99.35
10104.49,-97.84
10107.42,-95.59
10110.35,-96.71
10113.28,-97.03
10116.21,-96.76
10119.14,-95.15
10122.07,-92.08
10125.00,-93.24
10127.93,-95.71
10130.86,-95.71
10133.79,-94.95
10136.72,-94.26
10139.65,-93.07
10142.58,-94.94
10145.51,-98.15
10148.44,-92.31
10151.37,-92.36
10154.30,-91.67
10157.23,-91.17
10160.16,-92.36
10163.09,-91.34
10166.02,-91.76
10168.95,-91.24
10171.88,-89.39
10174.80,-89.66
10177.73,-90.53
10180.66,-90.68
10183.59,-91.07
10186.52,-90.82
10189.45,-92.43
10192.38,-91.50
10195.31,-89.95
10198.24,-93.58
10201.17,-94.42
10204.10,-92.08
10207.03,-93.64
10209.96,-93.10
10212.89,-91.92
10215.82,-92.57
10218.75,-90.81
10221.68,-93.08
10224.61,-96.37
10227.54,-93.23
10230.47,-93.88
10233.40,-98.95
10236.33,-98.60
10239.26,-94.90
10242.19,-95.54
10245.12,-100.41
10248.05,-97.07
10250.98,-94.74
10253.91,-98.96
10256.84,-97.33
10259.77,-95.96
10262.70,-98.40
10265.63,-97.43
10268.55,-94.29
10271.48,-94.65
10274.41,-95.86
10277.34,-95.06
10280.27,-96.03
10283.20,-97.39
10286.13,-96.05
10289.06,-96.37
10291.99,-101.72
10294.92,-96.70
10297.85,-96.75
10300.78,-100.34
10303.71,-96.58
10306.64,-99.24
10309.57,-97.38
10312.50,-93.32
10315.43,-95.70
10318.36,-98.09
10321.29,-93.11
10324.22,-93.91
10327.15,-100.89
10330.08,-99.36
10333.01,-94.12
10335.94,-97.64
10338.87,-105.02
10341.80,-98.78
10344.73,-99.09
10347.66,-99.66
10350.59,-102.40
10353.52,-99.26
10356.45,-96.82
10359.38,-98.17
10362.30,-101.80
10365.23,-97.65
10368.16,-98.51
10371.09,-102.70
10374.02,-97.91
10376.95,-96.49
10379.88,-97.27
10382.81,-98.87
10385.74,-94.48
10388.67,-93.73
10391.60,-99.57
10394.53,-96.95
10397.46,-94.20
10400.39,-97.45
10403.32,-96.82
10406.25,-93.83
10409.18,-97.41
10412.11,-103.31
10415.04,-101.69
10417.97,-99.29
10420.90,-100.40
10423.83,-109.05
10426.76,-107.65
10429.69,-103.16
10432.62,-105.41
10435.55,-109.19
10438.48,-106.50
10441.41,-104.53
10444.34,-106.17
10447.27,-106.29
10450.20,-100.14
10453.13,-101.61
10456.05,-103.37
10458.98,-98.47
10461.91,-98.97
10464.84,-99.46
10467.77,-96.21
10470.70,-97.31
10473.63,-100.30
10476.56,-98.87
10479.49,-99.45
10482.42,-107.42
10485.35,-102.86
10488.28,-98.90
10491.21,-100.91
10494.14,-97.15
10497.07,-96.72
10500.00,-99.70
10502.93,-96.36
10505.86,-95.48
10508.79,-100.00
10511.72,-99.49
10514.65,-94.97
10517.58,-97.71
10520.51,-101.86
10523.44,-96.94
10526.37,-99.83
10529.30,-102.71
10532.23,-99.90
10535.16,-101.45
10538.09,-104.40
10541.02,-102.22
10543.95,-97.27
10546.88,-100.54
10549.80,-108.01
10552.73,-97.48
10555.66,-97.00
10558.59,-106.68
10561.52,-97.52
10564.45,-93.51
10567.38,-97.12
10570.31,-98.26
10573.24,-94.67
10576.17,-95.57
10579.10,-97.65
10582.03,-100.99
10584.96,-101.32
10587.89,-100.91
10590.82,-99.76
10593.75,-101.81
10596.68,-98.72
10599.61,-99.91
10602.54,-106.86
10605.47,-103.94
10608.40,-99.89
10611.33,-104.86
10614.26,-101.63
10617.19,-95.33
10620.12,-97.40
10623.05,-103.82
10625.98,-99.95
10628.91,-98.72
10631.84,-103.23
10634.77,-99.52
10637.70,-98.64
10640.63,-102.27
10643.55,-102.31
10646.48,-103.44
10649.41,-101.56
10652.34,-103.03
10655.27,-106.34
10658.20,-105.26
10661.13,-105.53
10664.06,-113.11
10666.99,-113.38
10669.92,-107.91
10672.85,-108.56
10675.78,-106.57
10678.71,-100.55
10681.64,-103.70
10684.57,-108.72
10687.50,-100.53
10690.43,-101.63
10693.36,-104.58
10696.29,-103.87
10699.22,-101.76
10702.15,-104.34
10705.08,-104.29
10708.01,-103.38
10710.94,-108.06
10713.87,-110.14
10716.80,-102.47
10719.73,-103.30
10722.66,-102.64
10725.59,-98.66
10728.52,-99.06
10731.45,-98.70
10734.38,-98.76
10737.30,-97.46
10740.23,-98.59
10743.16,-104.61
10746.09,-103.55
10749.02,-102.71
10751.95,-102.55
10754.88,-100.24
10757.81,-101.55
10760.74,-107.37
10763.67,-105.47
10766.60,-106.14
10769.53,-106.76
10772.46,-99.96
10775.39,-103.66
10778.32,-104.21
10781.25,-98.07
10784.18,-99.78
10787.11,-104.50
10790.04,-101.72
10792.97,-99.11
10795.90,-101.27
10798.83,-102.31
10801.76,-98.32
10804.69,-101.12
10807.62,-110.33
10810.55,-103.50
10813.48,-102.93
10816.41,-101.38
10819.34,-106.12
10822.27,-107.59
10825.20,-108.54
10828.13,-107.24
10831.05,-104.45
10833.98,-107.21
10836.91,-109.23
10839.84,-103.72
10842.77,-102.94
10845.70,-104.46
10848.63,-104.78
10851.56,-106.59
10854.49,-105.45
10857.42,-105.20
10860.35,-107.32
10863.28,-110.50
10866.21,-109.97
10869.14,-104.92
10872.07,-109.56
10875.00,-108.63
10877.93,-99.61
10880.86,-98.74
10883.79,-104.04
10886.72,-105.28
10889.65,-104.27
10892.58,-106.92
10895.51,-108.06
10898.44,-105.43
10901.37,-106.17
10904.30,-108.46
10907.23,-105.83
10910.16,-103.03
10913.09,-106.36
10916.02,-107.61
10918.95,-105.38
10921.88,-107.86
10924.80,-109.05
10927.73,-102.79
10930.66,-97.28
10933.59,-98.98
10936.52,-102.61
10939.45,-98.99
10942.38,-97.32
10945.31,-99.62
10948.24,-102.84
10951.17,-99.86
10954.10,-98.01
10957.03,-99.88
10959.96,-103.13
10962.89,-98.38
10965.82,-99.20
10968.75,-103.51
10971.68,-101.71
10974.61,-100.56
10977.54,-101.04
10980.47,-98.64
10983.40,-101.54
10986.33,-98.83
10989.26,-95.49
10992.19,-98.81
10995.12,-101.20
10998.05,-98.82
11000.98,-99.77
11003.91,-101.23
11006.84,-97.90
11009.77,-96.86
11012.70,-100.45
11015.63,-102.00
11018.55,-98.12
11021.48,-98.02
11024.41,-99.07
11027.34,-99.48
11030.27,-105.31
11033.20,-105.70
11036.13,-100.86
11039.06,-99.63
11041.99,-101.04
11044.92,-102.31
11047.85,-101.21
11050.78,-102.06
11053.71,-102.15
11056.64,-105.19
11059.57,-101.53
11062.50,-100.46
11065.43,-104.81
11068.36,-102.07
11071.29,-98.61
11074.22,-102.22
11077.15,-103.40
11080.08,-97.64
11083.01,-98.96
11085.94,-106.99
11088.87,-104.75
11091.80,-102.08
11094.73,-100.83
11097.66,-99.14
11100.59,-103.17
11103.52,-101.43
11106.45,-98.86
11109.38,-101.00
11112.30,-106.76
11115.23,-97.70
11118.16,-97.37
11121.09,-105.45
11124.02,-97.71
11126.95,-99.12
11129.88,-104.90
11132.81,-97.70
11135.74,-97.24
11138.67,-103.43
11141.60,-105.10
11144.53,-103.31
11147.46,-110.36
11150.39,-105.36
11153.32,-100.72
11156.25,-104.28
11159.18,-104.93
11162.11,-97.89
11165.04,-98.79
11167.97,-101.07
11170.90,-99.50
11173.83,-101.09
11176.76,-102.90
11179.69,-99.89
11182.62,-97.64
11185.55,-100.53
11188.48,-98.82
11191.41,-97.31
11194.34,-99.40
11197.27,-98.48
11200.20,-95.99
11203.13,-99.76
11206.05,-100.55
11208.98,-98.48
11211.91,-101.76
11214.84,-108.43
11217.77,-99.27
11220.70,-97.72
11223.63,-101.55
11226.56,-101.40
11229.49,-99.69
11232.42,-99.90
11235.35,-99.70
11238.28,-97.98
11241.21,-98.22
11244.14,-97.44
11247.07,-96.82
11250.00,-96.61
11252.93,-98.33
11255.86,-100.53
11258.79,-97.21
11261.72,-97.89
11264.65,-99.36
11267.58,-102.03
11270.51,-102.39
11273.44,-100.55
11276.37,-101.55
11279.30,-100.41
11282.23,-98.66
11285.16,-96.87
11288.09,-99.72
11291.02,-99.41
11293.95,-101.05
11296.88,-99.59
11299.80,-97.17
11302.73,-97.64
11305.66,-97.17
11308.59,-100.48
11311.52,-99.79
11314.45,-99.19
11317.38,-97.35
11320.31,-97.06
11323.24,-97.17
11326.17,-94.56
11329.10,-94.97
11332.03,-95.17
11334.96,-94.81
11337.89,-96.13
11340.82,-95.00
11343.75,-93.46
11346.68,-92.60
11349.61,-93.44
11352.54,-92.93
11355.47,-94.50
11358.40,-95.78
11361.33,-95.01
11364.26,-94.00
11367.19,-94.71
11370.12,-97.75
11373.05,-97.56
11375.98,-98.52
11378.91,-100.68
11381.84,-101.49
11384.77,-104.89
11387.70,-107.21
11390.63,-100.41
11393.55,-99.09
11396.48,-105.16
11399.41,-102.92
11402.34,-101.22
11405.27,-102.65
11408.20,-101.40
11411.13,-99.66
11414.06,-100.31
11416.99,-103.87
11419.92,-101.14
11422.85,-102.37
11425.78,-102.03
11428.71,-98.82
11431.64,-102.13
11434.57,-110.93
11437.50,-104.26
11440.43,-102.86
11443.36,-101.30
11446.29,-100.34
11449.22,-98.81
11452.15,-98.92
11455.08,-98.05
11458.01,-95.69
11460.94,-96.65
11463.87,-99.52
11466.80,-96.82
11469.73,-96.80
11472.66,-98.60
11475.59,-98.70
11478.52,-99.14
11481.45,-102.47
11484.38,-102.69
11487.30,-103.21
11490.23,-105.66
11493.16,-105.78
11496.09,-105.95
11499.02,-101.67
11501.95,-103.50
11504.88,-105.82
11507.81,-103.35
11510.74,-105.10
11513.67,-110.33
11516.60,-106.72
11519.53,-106.31
11522.46,-105.80
11525.39,-109.22
11528.32,-107.76
11531.25,-109.09
11534.18,-105.33
11537.11,-108.46
11540.04,-105.42
11542.97,-104.12
11545.90,-108.11
11548.83,-109.05
11551.76,-103.04
11554.69,-103.07
11557.62,-108.90
11560.55,-107.00
11563.48,-106.49
11566.41,-108.71
11569.34,-102.41
11572.27,-102.92
11575.20,-104.85
11578.13,-98.75
11581.05,-97.42
11583.98,-100.19
11586.91,-97.28
11589.84,-96.71
11592.77,-99.61
11595.70,-98.32
11598.63,-99.38
11601.56,-99.78
11604.49,-97.24
11607.42,-96.80
11610.35,-98.83
11613.28,-98.13
11616.21,-96.00
11619.14,-99.46
11622.07,-100.69
11625.00,-98.70
11627.93,-102.88
11630.86,-105.55
11633.79,-99.50
11636.72,-101.24
11639.65,-102.23
11642.58,-96.65
11645.51,-98.20
11648.44,-106.44
11651.37,-99.91
11654.30,-99.64
11657.23,-110.19
11660.16,-100.73
11663.09,-98.71
11666.02,-105.86
11668.95,-114.74
11671.88,-107.35
11674.80,-108.38
11677.73,-109.28
11680.66,-110.79
11683.59,-112.37
11686.52,-106.59
11689.45,-110.80
11692.38,-113.38
11695.31,-107.81
11698.24,-108.72
11701.17,-111.03
11704.10,-108.06
11707.03,-108.37
11709.96,-110.31
11712.89,-107.51
11715.82,-109.44
11718.75,-113.07
11721.68,-114.09
11724.61,-112.46
11727.54,-111.26
11730.47,-111.50
11733.40,-104.60
11736.33,-108.16
11739.26,-109.68
11742.19,-110.77
11745.12,-110.09
11748.05,-111.39
11750.98,-109.58
11753.91,-110.14
11756.84,-109.60
11759.77,-111.13
11762.70,-109.83
11765.63,-105.59
11768.55,-107.46
11771.48,-112.79
11774.41,-110.62
11777.34,-105.43
11780.27,-108.88
11783.20,-110.29
11786.13,-106.36
11789.06,-106.48
11791.99,-106.53
11794.92,-107.09
11797.85,-111.33
11800.78,-105.61
11803.71,-105.47
11806.64,-108.34
11809.57,-109.89
11812.50,-102.55
11815.43,-104.31
11818.36,-112.36
11821.29,-102.24
11824.22,-100.98
11827.15,-108.79
11830.08,-109.05
11833.01,-103.12
11835.94,-105.21
11838.87,-114.08
11841.80,-108.49
11844.73,-106.05
11847.66,-110.76
11850.59,-105.29
11853.52,-104.35
11856.45,-106.26
11859.38,-103.24
11862.30,-108.80
11865.23,-109.60
11868.16,-113.22
11871.09,-111.63
11874.02,-110.28
11876.95,-105.41
11879.88,-101.82
11882.81,-105.22
11885.74,-110.52
11888.67,-105.98
11891.60,-109.98
11894.53,-109.59
11897.46,-106.86
11900.39,-105.68
11903.32,-103.57
11906.25,-103.27
11909.18,-110.32
11912.11,-103.12
11915.04,-104.06
11917.97,-105.78
11920.90,-103.42
11923.83,-99.53
11926.76,-102.33
11929.69,-103.59
11932.62,-100.37
11935.55,-103.29
11938.48,-104.56
11941.41,-101.30
11944.34,-102.80
11947.27,-104.83
11950.20,-101.32
11953.13,-101.10
11956.05,-108.01
11958.98,-102.02
11961.91,-99.79
11964.84,-101.87
11967.77,-98.17
11970.70,-96.40
11973.63,-99.43
11976.56,-99.23
11979.49,-97.44
11982.42,-99.68
11985.35,-100.11
11988.28,-99.10
11991.21,-100.24
11994.14,-105.10
11997.07,-102.98
12000.00,-104.04
12002.93,-105.20
12005.86,-101.49
12008.79,-101.75
12011.72,-103.68
12014.65,-101.96
12017.58,-102.10
12020.51,-104.12
12023.44,-105.35
12026.37,-99.95
12029.30,-102.75
12032.23,-106.90
12035.16,-103.60
12038.09,-99.88
12041.02,-100.91
12043.95,-109.42
12046.88,-102.68
12049.80,-101.33
12052.73,-107.40
12055.66,-104.66
12058.59,-101.70
12061.52,-104.50
12064.45,-100.72
12067.38,-98.33
12070.31,-101.36
12073.24,-99.51
12076.17,-96.69
12079.10,-98.25
12082.03,-97.51
12084.96,-96.10
12087.89,-99.81
12090.82,-99.53
12093.75,-93.93
12096.68,-94.71
12099.61,-101.17
12102.54,-96.24
12105.47,-96.06
12108.40,-99.08
12111.33,-95.52
12114.26,-97.95
12117.19,-104.80
12120.12,-100.19
12123.05,-98.43
12125.98,-104.78
12128.91,-99.89
12131.84,-95.27
12134.77,-100.73
12137.70,-99.87
12140.63,-94.92
12143.55,-96.41
12146.48,-98.74
12149.41,-96.08
12152.34,-97.68
12155.27,-102.88
12158.20,-99.91
12161.13,-95.75
12164.06,-99.75
12166.99,-103.00
12169.92,-97.49
12172.85,-100.16
12175.78,-103.72
12178.71,-98.78
12181.64,-101.20
12184.57,-104.89
12187.50,-97.36
12190.43,-97.20
12193.36,-101.07
12196.29,-97.87
12199.22,-96.94
12202.15,-101.32
12205.08,-105.48
12208.01,-102.08
12210.94,-102.44
12213.87,-107.13
12216.80,-104.54
12219.73,-104.30
12222.66,-101.07
12225.59,-109.13
12228.52,-104.12
12231.45,-100.19
12234.38,-102.40
12237.30,-100.79
12240.23,-97.78
12243.16,-101.84
12246.09,-106.41
12249.02,-100.97
12251.95,-101.86
12254.88,-103.85
12257.81,-100.39
12260.74,-100.91
12263.67,-102.14
12266.60,-100.87
12269.53,-100.17
12272.46,-102.42
12275.39,-100.21
12278.32,-98.71
12281.25,-102.14
12284.18,-97.19
12287.11,-96.24
12290.04,-100.25
12292.97,-105.21
12295.90,-102.57
12298.83,-101.40
12301.76,-108.25
12304.69,-101.03
12307.62,-104.35
12310.55,-108.46
12313.48,-101.97
12316.41,-102.67
12319.34,-108.76
12322.27,-106.89
12325.20,-102.34
12328.13,-105.61
12331.05,-113.58
12333.98,-105.11
12336.91,-104.02
12339.84,-107.29
12342.77,-101.20
12345.70,-98.18
12348.63,-101.98
12351.56,-102.03
12354.49,-98.20
12357.42,-100.83
12360.35,-105.21
12363.28,-100.28
12366.21,-100.17
12369.14,-105.58
12372.07,-102.36
12375.00,-100.66
12377.93,-107.67
12380.86,-102.84
12383.79,-99.92
12386.72,-103.55
12389.65,-102.79
12392.58,-97.26
12395.51,-100.58
12398.44,-101.79
12401.37,-96.80
12404.30,-97.80
12407.23,-99.84
12410.16,-97.65
12413.09,-98.44
12416.02,-104.50
12418.95,-96.90
12421.88,-95.84
12424.80,-103.68
12427.73,-100.00
12430.66,-96.06
12433.59,-99.16
12436.52,-99.97
12439.45,-96.40
12442.38,-97.56
12445.31,-101.21
12448.24,-95.85
12451.17,-96.99
12454.10,-101.01
12457.03,-94.26
12459.96,-95.32
12462.89,-102.17
12465.82,-97.57
12468.75,-96.40
12471.68,-100.65
12474.61,-101.57
12477.54,-98.72
12480.47,-103.22
12483.40,-104.86
12486.33,-96.43
12489.26,-96.68
12492.19,-105.34
12495.12,-98.38
12498.05,-98.26
12500.98,-105.96
12503.91,-100.80
12506.84,-99.31
12509.77,-103.48
12512.70,-102.67
12515.63,-98.85
12518.55,-107.21
12521.48,-103.11
12524.41,-99.30
12527.34,-104.72
12530.27,-107.03
12533.20,-100.72
12536.13,-100.49
12539.06,-107.82
12541.99,-107.19
12544.92,-102.52
12547.85,-104.90
12550.78,-105.96
12553.71,-99.64
12556.64,-103.45
12559.57,-109.19
12562.50,-111.64
12565.43,-105.83
12568.36,-104.14
12571.29,-104.68
12574.22,-112.70
12577.15,-103.94
12580.08,-103.18
12583.01,-106.06
12585.94,-103.82
12588.87,-103.57
12591.80,-111.15
12594.73,-108.03
12597.66,-109.00
12600.59,-109.60
12603.52,-104.01
12606.45,-103.86
12609.38,-108.20
12612.30,-104.09
12615.23,-100.01
12618.16,-101.60
12621.09,-103.02
12624.02,-102.77
12626.95,-100.13
12629.88,-101.55
12632.81,-102.50
12635.74,-99.38
12638.67,-102.54
12641.60,-108.28
12644.53,-106.16
12647.46,-104.77
12650.39,-104.21
12653.32,-104.15
12656.25,-100.91
12659.18,-102.73
12662.11,-104.22
12665.04,-105.76
12667.97,-112.53
12670.90,-104.86
12673.83,-103.09
12676.76,-100.24
12679.69,-99.89
12682.62,-99.91
12685.55,-100.83
12688.48,-109.76
12691.41,-104.68
12694.34,-102.41
12697.27,-106.14
12700.20,-104.75
12703.13,-99.72
12706.05,-102.16
12708.98,-101.72
12711.91,-106.37
12714.84,-106.25
12717.77,-106.13
12720.70,-105.45
12723.63,-111.81
12726.56,-109.62
12729.49,-103.11
12732.42,-103.47
12735.35,-106.89
12738.28,-104.92
12741.21,-102.88
12744.14,-105.97
12747.07,-102.51
12750.00,-100.70
12752.93,-106.49
12755.86,-101.76
12758.79,-101.92
12761.72,-109.04
12764.65,-100.43
12767.58,-100.98
12770.51,-105.29
12773.44,-101.40
12776.37,-99.69
12779.30,-104.65
12782.23,-101.33
12785.16,-100.29
12788.09,-104.21
12791.02,-102.65
12793.95,-102.26
12796.88,-105.06
12799.80,-105.76
12802.73,-103.55
12805.66,-104.84
12808.59,-103.69
12811.52,-103.70
12814.45,-107.70
12817.38,-109.10
12820.31,-106.15
12823.24,-109.00
12826.17,-113.67
12829.10,-116.94
12832.03,-114.43
12834.96,-112.44
12837.89,-115.28
12840.82,-109.38
12843.75,-104.14
12846.68,-107.64
12849.61,-104.53
12852.54,-103.00
12855.47,-104.23
12858.40,-103.58
12861.33,-111.75
12864.26,-109.38
12867.19,-109.81
12870.12,-117.65
12873.05,-117.83
12875.98,-111.92
12878.91,-107.81
12881.84,-101.47
12884.77,-103.01
12887.70,-108.92
12890.63,-113.74
12893.55,-109.54
12896.48,-108.41
12899.41,-108.80
12902.34,-103.10
12905.27,-103.38
12908.20,-102.65
12911.13,-100.26
12914.06,-105.14
12916.99,-112.66
12919.92,-111.32
12922.85,-110.40
12925.78,-110.10
12928.71,-114.01
12931.64,-103.83
12934.57,-99.66
12937.50,-102.52
12940.43,-108.29
12943.36,-100.42
12946.29,-99.98
12949.22,-101.38
12952.15,-97.06
12955.08,-98.81
12958.01,-102.61
12960.94,-99.30
12963.87,-99.27
12966.80,-106.72
12969.73,-103.22
12972.66,-101.05
12975.59,-106.12
12978.52,-103.00
12981.45,-99.40
12984.38,-103.01
12987.30,-101.57
12990.23,-97.32
12993.16,-102.13
12996.09,-111.99
12999.02,-102.40
13001.95,-99.95
13004.88,-103.31
13007.81,-105.02
13010.74,-100.45
13013.67,-103.49
13016.60,-107.40
13019.53,-110.61
13022.46,-107.83
13025.39,-103.56
13028.32,-109.01
13031.25,-107.75
13034.18,-104.81
13037.11,-101.34
13040.04,-103.66
13042.97,-102.72
13045.90,-99.03
13048.83,-104.27
13051.76,-105.70
13054.69,-101.21
13057.62,-103.80
13060.55,-100.49
13063.48,-96.09
13066.41,-97.47
13069.34,-98.94
13072.27,-103.16
13075.20,-108.67
13078.13,-110.20
13081.05,-114.18
13083.98,-112.94
13086.91,-108.41
13089.84,-105.60
13092.77,-103.96
13095.70,-101.79
13098.63,-106.03
13101.56,-116.73
13104.49,-108.20
13107.42,-105.14
13110.35,-106.43
13113.28,-104.08
13116.21,-103.88
13119.14,-99.02
13122.07,-97.12
13125.00,-99.13
13127.93,-98.74
13130.86,-97.83
13133.79,-98.20
13136.72,-100.06
13139.65,-98.72
13142.58,-97.57
13145.51,-102.05
13148.44,-102.28
13151.37,-99.50
13154.30,-101.71
13157.23,-102.46
13160.16,-99.90
13163.09,-100.49
13166.02,-99.76
13168.95,-101.65
13171.88,-99.90
13174.80,-96.49
13177.73,-96.94
13180.66,-97.58
13183.59,-96.79
13186.52,-96.42
13189.45,-98.06
13192.38,-100.45
13195.31,-99.71
13198.24,-99.84
13201.17,-104.87
13204.10,-103.68
13207.03,-102.29
13209.96,-104.25
13212.89,-99.25
13215.82,-100.76
13218.75,-104.45
13221.68,-103.53
13224.61,-99.91
13227.54,-100.76
13230.47,-99.18
13233.40,-99.40
13236.33,-101.41
13239.26,-100.91
13242.19,-99.30
13245.12,-99.31
13248.05,-100.26
13250.98,-98.36
13253.91,-99.64
13256.84,-105.14
13259.77,-107.26
13262.70,-99.78
13265.63,-100.96
13268.55,-105.90
13271.48,-101.68
13274.41,-104.47
13277.34,-107.65
13280.27,-99.51
13283.20,-97.11
13286.13,-100.15
13289.06,-101.93
13291.99,-100.24
13294.92,-99.82
13297.85,-98.32
13300.78,-99.74
13303.71,-102.24
13306.64,-102.04
13309.57,-102.49
13312.50,-103.45
13315.43,-103.88
13318.36,-102.25
13321.29,-106.02
13324.22,-106.36
13327.15,-104.48
13330.08,-106.65
13333.01,-110.41
13335.94,-105.75
13338.87,-98.67
13341.80,-99.66
13344.73,-103.94
13347.66,-105.77
13350.59,-103.35
13353.52,-102.03
13356.45,-97.07
13359.38,-98.39
13362.30,-99.37
13365.23,-95.71
13368.16,-96.83
13371.09,-99.14
13374.02,-100.41
13376.95,-100.55
13379.88,-102.03
13382.81,-108.16
13385.74,-101.69
13388.67,-100.49
13391.60,-107.17
13394.53,-100.86
13397.46,-99.18
13400.39,-104.08
13403.32,-97.67
13406.25,-97.72
13409.18,-104.22
13412.11,-102.81
13415.04,-101.57
13417.97,-105.38
13420.90,-100.64
13423.83,-103.88
13426.76,-107.24
13429.69,-107.46
13432.62,-104.84
13435.55,-105.38
13438.48,-103.12
13441.41,-103.52
13444.34,-106.30
13447.27,-101.83
13450.20,-101.76
13453.13,-104.88
13456.05,-102.13
13458.98,-103.69
13461.91,-104.67
13464.84,-98.03
13467.77,-99.23
13470.70,-99.45
13473.63,-97.87
13476.56,-99.19
13479.49,-100.49
13482.42,-98.20
13485.35,-103.46
13488.28,-102.32
13491.21,-96.93
13494.14,-99.82
13497.07,-103.51
13500.00,-98.45
13502.93,-101.45
13505.86,-107.09
13508.79,-99.81
13511.72,-99.61
13514.65,-103.40
13517.58,-99.81
13520.51,-98.90
13523.44,-104.56
13526.37,-99.84
13529.30,-96.28
13532.23,-101.58
13535.16,-101.24
13538.09,-97.99
13541.02,-101.05
13543.95,-104.88
13546.88,-99.26
13549.80,-97.33
13552.73,-101.29
13555.66,-98.93
13558.59,-98.51
13561.52,-104.81
13564.45,-103.72
13567.38,-96.69
13570.31,-97.86
13573.24,-99.77
13576.17,-103.73
13579.10,-101.04
13582.03,-97.43
13584.96,-97.45
13587.89,-102.81
13590.82,-99.77
13593.75,-95.67
13596.68,-100.75
13599.61,-105.54
13602.54,-100.34
13605.47,-101.29
13608.40,-105.16
13611.33,-103.96
13614.26,-102.01
13617.19,-103.28
13620.12,-107.01
13623.05,-106.51
13625.98,-104.34
13628.91,-106.96
13631.84,-110.09
13634.77,-111.07
13637.70,-106.57
13640.63,-104.29
13643.55,-109.53
13646.48,-111.37
13649.41,-103.19
13652.34,-100.74
13655.27,-107.86
13658.20,-112.86
13661.13,-100.91
13664.06,-100.58
13666.99,-101.65
13669.92,-102.79
13672.85,-102.05
13675.78,-98.77
13678.71,-104.09
13681.64,-105.99
13684.57,-101.99
13687.50,-99.76
13690.43,-107.30
13693.36,-109.73
13696.29,-100.44
13699.22,-100.64
13702.15,-108.74
13705.08,-103.29
13708.01,-100.27
13710.94,-103.52
13713.87,-103.40
13716.80,-101.50
13719.73,-102.87
13722.66,-103.08
13725.59,-107.46
13728.52,-102.46
13731.45,-103.70
13734.38,-101.55
13737.30,-102.86
13740.23,-102.27
13743.16,-103.41
13746.09,-101.70
13749.02,-103.63
13751.95,-102.01
13754.88,-101.95
13757.81,-105.56
13760.74,-106.31
13763.67,-102.95
13766.60,-102.18
13769.53,-103.43
13772.46,-107.99
13775.39,-103.96
13778.32,-100.01
13781.25,-103.55
13784.18,-101.94
13787.11,-100.78
13790.04,-103.68
13792.97,-103.39
13795.90,-101.03
13798.83,-103.15
13801.76,-103.44
13804.69,-102.58
13807.62,-106.46
13810.55,-101.86
13813.48,-103.43
13816.41,-109.52
13819.34,-99.86
13822.27,-97.25
13825.20,-103.76
13828.13,-106.72
13831.05,-102.38
13833.98,-100.73
13836.91,-104.79
13839.84,-104.61
13842.77,-105.93
13845.70,-105.45
13848.63,-99.45
13851.56,-100.74
13854.49,-99.34
13857.42,-96.99
13860.35,-99.61
13863.28,-104.69
13866.21,-97.61
13869.14,-98.62
13872.07,-105.90
13875.00,-99.59
13877.93,-100.26
13880.86,-103.56
13883.79,-106.31
13886.72,-109.76
13889.65,-110.34
13892.58,-106.50
13895.51,-105.79
13898.44,-107.52
13901.37,-100.76
13904.30,-102.40
13907.23,-106.94
13910.16,-101.68
13913.09,-99.00
13916.02,-100.59
13918.95,-101.66
13921.88,-102.02
13924.80,-101.90
13927.73,-104.11
13930.66,-102.74
13933.59,-104.47
13936.52,-110.08
13939.45,-112.15
13942.38,-107.56
13945.31,-106.85
13948.24,-105.89
13951.17,-102.51
13954.10,-106.26
13957.03,-104.66
13959.96,-103.81
13962.89,-102.18
13965.82,-106.67
13968.75,-103.74
13971.68,-104.56
13974.61,-105.03
13977.54,-106.47
13980.47,-104.30
13983.40,-104.05
13986.33,-106.17
13989.26,-104.68
13992.19,-99.08
13995.12,-101.74
13998.05,-112.52
14000.98,-102.80
14003.91,-103.74
14006.84,-103.21
14009.77,-108.62
14012.70,-107.24
14015.63,-101.82
14018.55,-102.86
14021.48,-104.55
14024.41,-99.02
14027.34,-98.33
14030.27,-106.45
14033.20,-106.36
14036.13,-100.63
14039.06,-100.71
14041.99,-105.29
14044.92,-102.62
14047.85,-108.76
14050.78,-105.31
14053.71,-103.66
14056.64,-103.53
14059.57,-102.14
14062.50,-99.52
14065.43,-105.07
14068.36,-102.14
14071.29,-99.03
14074.22,-102.06
14077.15,-104.29
14080.08,-97.35
14083.01,-100.93
14085.94,-103.56
14088.87,-99.86
14091.80,-105.79
14094.73,-109.08
14097.66,-102.00
14100.59,-104.67
14103.52,-105.37
14106.45,-99.37
14109.38,-99.92
14112.30,-103.91
14115.23,-97.18
14118.16,-98.77
14121.09,-106.91
14124.02,-102.66
14126.95,-102.85
14129.88,-107.65
14132.81,-103.58
14135.74,-100.70
14138.67,-102.41
14141.60,-104.98
14144.53,-104.31
14147.46,-107.20
14150.39,-107.55
14153.32,-105.62
14156.25,-105.41
14159.18,-105.84
14162.11,-100.32
14165.04,-105.68
14167.97,-104.06
14170.90,-100.14
14173.83,-100.41
14176.76,-100.75
14179.69,-100.78
14182.62,-102.30
14185.55,-103.35
14188.48,-102.27
14191.41,-101.33
14194.34,-103.65
14197.27,-103.30
14200.20,-100.66
14203.13,-104.66
14206.05,-102.98
14208.98,-97.89
14211.91,-99.96
14214.84,-102.31
14217.77,-98.88
14220.70,-99.98
14223.63,-100.29
14226.56,-99.63
14229.49,-102.82
14232.42,-107.28
14235.35,-104.41
14238.28,-103.88
14241.21,-106.34
14244.14,-108.85
14247.07,-107.92
14250.00,-103.94
14252.93,-101.92
14255.86,-100.70
14258.79,-100.82
14261.72,-100.94
14264.65,-102.27
14267.58,-102.94
14270.51,-102.41
14273.44,-101.44
14276.37,-101.29
14279.30,-103.13
14282.23,-101.91
14285.16,-100.36
14288.09,-104.82
14291.02,-104.23
14293.95,-103.83
14296.88,-106.20
14299.80,-109.04
14302.73,-104.40
14305.66,-102.75
14308.59,-111.28
14311.52,-110.58
14314.45,-110.04
14317.38,-111.97
14320.31,-106.37
14323.24,-104.62
14326.17,-104.79
14329.10,-105.89
14332.03,-106.68
14334.96,-109.78
14337.89,-110.28
14340.82,-105.50
14343.75,-108.72
14346.68,-112.42
14349.61,-110.70
14352.54,-110.28
14355.47,-110.47
14358.40,-116.69
14361.33,-115.44
14364.26,-113.87
14367.19,-108.45
14370.12,-105.54
14373.05,-107.76
14375.98,-104.67
14378.91,-107.36
14381.84,-113.07
14384.77,-105.61
14387.70,-104.16
14390.63,-109.64
14393.55,-109.22
14396.48,-107.85
14399.41,-108.06
14402.34,-108.48
14405.27,-107.16
14408.20,-109.93
14411.13,-106.28
14414.06,-102.81
14416.99,-107.62
14419.92,-107.55
14422.85,-102.26
14425.78,-104.86
14428.71,-105.48
14431.64,-103.62
14434.57,-110.23
14437.50,-107.06
14440.43,-101.00
14443.36,-103.90
14446.29,-110.62
14449.22,-109.26
14452.15,-107.10
14455.08,-112.09
14458.01,-103.30
14460.94,-103.62
14463.87,-104.63
14466.80,-104.51
14469.73,-104.02
14472.66,-109.68
14475.59,-101.80
14478.52,-99.34
14481.45,-102.72
14484.38,-103.19
14487.30,-100.67
14490.23,-103.86
14493.16,-101.04
14496.09,-99.63
14499.02,-102.44
14501.95,-103.50
14504.88,-100.16
14507.81,-103.45
14510.74,-105.96
14513.67,-110.37
14516.60,-110.01
14519.53,-111.76
14522.46,-111.21
14525.39,-105.35
14528.32,-103.67
14531.25,-105.19
14534.18,-109.05
14537.11,-102.24
14540.04,-100.26
14542.97,-102.87
14545.90,-107.65
14548.83,-109.87
14551.76,-109.64
14554.69,-105.64
14557.62,-101.96
14560.55,-105.05
14563.48,-104.54
14566.41,-106.69
14569.34,-108.26
14572.27,-103.83
14575.20,-103.61
14578.13,-102.55
14581.05,-103.87
14583.98,-100.49
14586.91,-100.97
14589.84,-104.84
14592.77,-103.47
14595.70,-105.05
14598.63,-109.10
14601.56,-105.06
14604.49,-103.79
14607.42,-107.47
14610.35,-102.11
14613.28,-99.44
14616.21,-100.73
14619.14,-102.04
14622.07,-105.69
14625.00,-105.19
14627.93,-103.80
14630.86,-103.14
14633.79,-107.56
14636.72,-103.49
14639.65,-102.30
14642.58,-104.01
14645.51,-103.62
14648.44,-104.17
14651.37,-109.69
14654.30,-110.23
14657.23,-106.83
14660.16,-108.28
14663.09,-107.70
14666.02,-107.63
14668.95,-106.35
14671.88,-112.11
14674.80,-107.82
14677.73,-110.36
14680.66,-109.53
14683.59,-112.08
14686.52,-108.57
14689.45,-107.91
14692.38,-106.37
14695.31,-105.61
14698.24,-107.92
14701.17,-104.53
14704.10,-102.87
14707.03,-109.12
14709.96,-111.23
14712.89,-108.27
14715.82,-108.72
14718.75,-114.18
14721.68,-112.92
14724.61,-105.33
14727.54,-107.13
14730.47,-107.34
14733.40,-105.78
14736.33,-106.52
14739.26,-102.90
14742.19,-101.55
14745.12,-106.87
14748.05,-103.81
14750.98,-102.48
14753.91,-106.68
14756.84,-105.33
14759.77,-108.84
14762.70,-108.82
14765.63,-107.59
14768.55,-107.03
14771.48,-108.16
14774.41,-110.23
14777.34,-105.13
14780.27,-105.40
14783.20,-108.57
14786.13,-106.65
14789.06,-103.70
14791.99,-106.02
14794.92,-109.12
14797.85,-107.57
14800.78,-103.95
14803.71,-104.82
14806.64,-108.93
14809.57,-113.81
14812.50,-112.60
14815.43,-109.09
14818.36,-113.23
14821.29,-107.92
14824.22,-101.45
14827.15,-103.45
14830.08,-105.49
14833.01,-103.73
14835.94,-100.31
14838.87,-100.29
14841.80,-105.36
14844.73,-101.54
14847.66,-98.44
14850.59,-101.41
14853.52,-103.15
14856.45,-101.67
14859.38,-108.43
14862.30,-113.66
14865.23,-106.92
14868.16,-106.75
14871.09,-105.23
14874.02,-111.43
14876.95,-107.65
14879.88,-103.39
14882.81,-107.70
14885.74,-108.68
14888.67,-105.00
14891.60,-103.07
14894.53,-102.11
14897.46,-104.87
14900.39,-105.06
14903.32,-107.84
14906.25,-110.95
14909.18,-123.84
14912.11,-115.97
14915.04,-107.20
14917.97,-104.93
14920.90,-109.55
14923.83,-107.46
14926.76,-106.71
14929.69,-104.85
14932.62,-105.10
14935.55,-110.73
14938.48,-114.59
14941.41,-112.88
14944.34,-111.85
14947.27,-106.51
14950.20,-107.10
14953.13,-107.49
14956.05,-107.69
14958.98,-105.26
14961.91,-104.43
14964.84,-106.29
14967.77,-107.68
14970.70,-103.06
14973.63,-104.86
14976.56,-111.27
14979.49,-113.16
14982.42,-116.90
14985.35,-120.10
14988.28,-110.50
14991.21,-109.49
14994.14,-106.52
14997.07,-105.70
15000.00,-111.29
15002.93,-113.03
15005.86,-107.14
15008.79,-107.24
15011.72,-112.44
15014.65,-107.22
15017.58,-106.12
15020.51,-107.54
15023.44,-108.61
15026.37,-109.66
15029.30,-105.26
15032.23,-104.76
15035.16,-108.61
15038.09,-109.77
15041.02,-107.25
15043.95,-108.78
15046.88,-106.37
15049.80,-104.35
15052.73,-107.45
15055.66,-106.98
15058.59,-108.18
15061.52,-112.85
15064.45,-108.49
15067.38,-105.19
15070.31,-109.45
15073.24,-110.00
15076.17,-101.68
15079.10,-99.88
15082.03,-105.91
15084.96,-102.30
15087.89,-102.06
15090.82,-104.29
15093.75,-102.80
15096.68,-102.87
15099.61,-106.24
15102.54,-107.82
15105.47,-107.22
15108.40,-108.06
15111.33,-107.36
15114.26,-107.88
15117.19,-104.35
15120.12,-102.32
15123.05,-107.39
15125.98,-112.87
15128.91,-104.53
15131.84,-102.34
15134.77,-108.60
15137.70,-112.52
15140.63,-106.90
15143.55,-109.27
15146.48,-106.19
15149.41,-109.68
15152.34,-108.04
15155.27,-109.20
15158.20,-109.97
15161.13,-108.62
15164.06,-102.39
15166.99,-105.42
15169.92,-112.69
15172.85,-107.53
15175.78,-104.24
15178.71,-104.72
15181.64,-113.92
15184.57,-109.44
15187.50,-108.98
15190.43,-118.79
15193.36,-111.92
15196.29,-105.75
15199.22,-106.49
15202.15,-106.08
15205.08,-114.60
15208.01,-110.31
15210.94,-108.55
15213.87,-107.36
15216.80,-107.52
15219.73,-107.24
15222.66,-108.79
15225.59,-113.01
15228.52,-111.76
15231.45,-110.23
15234.38,-112.99
15237.30,-107.26
15240.23,-106.00
15243.16,-111.51
15246.09,-114.59
15249.02,-111.64
15251.95,-112.63
15254.88,-111.97
15257.81,-111.19
15260.74,-110.43
15263.67,-117.76
15266.60,-109.78
15269.53,-109.70
15272.46,-116.11
15275.39,-113.77
15278.32,-114.82
15281.25,-114.66
15284.18,-109.43
15287.11,-108.95
15290.04,-107.39
15292.97,-108.39
15295.90,-113.62
15298.83,-109.20
15301.76,-105.50
15304.69,-111.55
15307.62,-116.22
15310.55,-113.96
15313.48,-110.06
15316.41,-110.13
15319.34,-110.30
15322.27,-113.15
15325.20,-109.86
15328.13,-109.59
15331.05,-110.23
15333.98,-109.42
15336.91,-103.83
15339.84,-105.77
15342.77,-108.81
15345.70,-102.57
15348.63,-103.29
15351.56,-110.34
15354.49,-107.34
15357.42,-107.90
15360.35,-114.38
15363.28,-111.78
15366.21,-106.87
15369.14,-108.39
15372.07,-108.10
15375.00,-108.75
15377.93,-113.81
15380.86,-106.46
15383.79,-103.97
15386.72,-106.45
15389.65,-103.69
15392.58,-101.93
15395.51,-106.43
15398.44,-108.96
15401.37,-104.25
15404.30,-107.32
15407.23,-110.74
15410.16,-105.13
15413.09,-107.46
15416.02,-108.91
15418.95,-102.25
15421.88,-101.07
15424.80,-106.95
15427.73,-105.68
15430.66,-109.46
15433.59,-107.60
15436.52,-104.86
15439.45,-107.22
15442.38,-109.13
15445.31,-110.15
15448.24,-107.28
15451.17,-111.48
15454.10,-105.46
15457.03,-106.28
15459.96,-107.67
15462.89,-105.47
15465.82,-109.65
15468.75,-112.68
15471.68,-110.96
15474.61,-110.47
15477.54,-110.12
15480.47,-107.58
15483.40,-105.51
15486.33,-111.10
15489.26,-105.67
15492.19,-106.47
15495.12,-111.16
15498.05,-107.56
15500.98,-107.52
15503.91,-107.00
15506.84,-108.35
15509.77,-108.86
15512.70,-115.83
15515.63,-112.61
15518.55,-107.62
15521.48,-107.90
15524.41,-105.76
15527.34,-106.65
15530.27,-109.97
15533.20,-104.34
15536.13,-103.90
15539.06,-110.14
15541.99,-111.67
15544.92,-111.34
15547.85,-108.64
15550.78,-107.07
15553.71,-110.53
15556.64,-113.61
15559.57,-106.07
15562.50,-107.48
15565.43,-106.61
15568.36,-105.09
15571.29,-105.81
15574.22,-108.03
15577.15,-115.91
15580.08,-107.70
15583.01,-107.34
15585.94,-111.54
15588.87,-110.13
15591.80,-107.64
15594.73,-104.43
15597.66,-109.58
15600.59,-111.34
15603.52,-108.72
15606.45,-112.93
15609.38,-108.59
15612.30,-107.88
15615.23,-107.97
15618.16,-110.63
15621.09,-107.04
15624.02,-107.46
15626.95,-109.44
15629.88,-106.87
15632.81,-106.37
15635.74,-110.93
15638.67,-106.46
15641.60,-105.08
15644.53,-109.22
15647.46,-106.33
15650.39,-108.89
15653.32,-108.61
15656.25,-109.71
15659.18,-115.67
15662.11,-117.08
15665.04,-114.08
15667.97,-114.71
15670.90,-115.31
15673.83,-109.37
15676.76,-110.09
15679.69,-111.91
15682.62,-107.69
15685.55,-109.56
15688.48,-111.58
15691.41,-108.97
15694.34,-107.68
15697.27,-109.77
15700.20,-108.12
15703.13,-111.86
15706.05,-109.65
15708.98,-110.51
15711.91,-111.90
15714.84,-115.16
15717.77,-108.95
15720.70,-110.21
15723.63,-110.25
15726.56,-104.28
15729.49,-108.44
15732.42,-115.01
15735.35,-112.99
15738.28,-112.72
15741.21,-113.99
15744.14,-108.74
15747.07,-107.89
15750.00,-106.07
15752.93,-102.17
15755.86,-105.68
15758.79,-112.07
15761.72,-108.46
15764.65,-109.81
15767.58,-118.61
15770.51,-109.56
15773.44,-107.36
15776.37,-113.86
15779.30,-112.98
15782.23,-117.18
15785.16,-107.44
15788.09,-106.70
15791.02,-106.02
15793.95,-106.10
15796.88,-102.57
15799.80,-103.54
15802.73,-109.38
15805.66,-106.91
15808.59,-107.08
15811.52,-109.87
15814.45,-105.83
15817.38,-105.54
15820.31,-110.35
15823.24,-114.28
15826.17,-108.92
15829.10,-108.72
15832.03,-107.76
15834.96,-106.40
15837.89,-108.42
15840.82,-104.28
15843.75,-101.38
15846.68,-101.76
15849.61,-104.21
15852.54,-105.05
15855.47,-108.46
15858.40,-108.97
15861.33,-106.19
15864.26,-108.86
15867.19,-111.92
15870.12,-109.81
15873.05,-111.51
15875.98,-108.33
15878.91,-106.57
15881.84,-105.94
15884.77,-108.27
15887.70,-109.58
15890.63,-106.75
15893.55,-109.17
15896.48,-113.76
15899.41,-108.72
15902.34,-109.77
15905.27,-106.91
15908.20,-108.81
15911.13,-108.17
15914.06,-109.50
15916.99,-108.44
15919.92,-109.70
15922.85,-110.33
15925.78,-104.71
15928.71,-106.01
15931.64,-107.17
15934.57,-104.81
15937.50,-104.87
15940.43,-104.06
15943.36,-101.92
15946.29,-105.64
15949.22,-114.20
15952.15,-110.56
15955.08,-111.63
15958.01,-111.68
15960.94,-111.19
15963.87,-107.70
15966.80,-109.97
15969.73,-106.86
15972.66,-107.81
15975.59,-106.51
15978.52,-105.00
15981.45,-102.49
15984.38,-103.76
15987.30,-112.22
15990.23,-105.62
15993.16,-105.61
15996.09,-108.02
15999.02,-110.13
16001.95,-111.72
16004.88,-120.97
16007.81,-115.06
16010.74,-111.89
16013.67,-111.90
16016.60,-109.91
16019.53,-111.99
16022.46,-121.30
16025.39,-115.89
16028.32,-109.52
16031.25,-112.46
16034.18,-115.55
16037.11,-110.12
16040.04,-107.90
16042.97,-110.27
16045.90,-107.46
16048.83,-112.12
16051.76,-110.61
16054.69,-107.99
16057.62,-110.42
16060.55,-109.48
16063.48,-114.42
16066.41,-111.79
16069.34,-110.14
16072.27,-107.51
16075.20,-108.99
16078.13,-105.42
16081.05,-105.39
16083.98,-105.20
16086.91,-105.76
16089.84,-109.60
16092.77,-112.84
16095.70,-107.96
16098.63,-107.08
16101.56,-110.49
16104.49,-108.96
16107.42,-109.74
16110.35,-106.81
16113.28,-102.71
16116.21,-100.64
16119.14,-102.59
16122.07,-104.13
16125.00,-105.96
16127.93,-104.36
16130.86,-99.77
16133.79,-100.57
16136.72,-102.35
16139.65,-102.23
16142.58,-103.57
16145.51,-105.89
16148.44,-105.36
16151.37,-103.40
16154.30,-103.65
16157.23,-103.11
16160.16,-102.48
16163.09,-103.05
16166.02,-102.64
16168.95,-103.75
16171.88,-105.28
16174.80,-102.90
16177.73,-102.94
16180.66,-103.37
16183.59,-106.55
16186.52,-109.25
16189.45,-113.50
16192.38,-121.76
16195.31,-113.82
16198.24,-111.14
16201.17,-111.23
16204.10,-108.68
16207.03,-108.44
16209.96,-107.43
16212.89,-108.45
16215.82,-111.67
16218.75,-112.97
16221.68,-116.67
16224.61,-121.92
16227.54,-117.18
16230.47,-112.57
16233.40,-115.20
16236.33,-110.81
16239.26,-111.25
16242.19,-116.02
16245.12,-116.04
16248.05,-117.04
16250.98,-114.49
16253.91,-106.48
16256.84,-105.61
16259.77,-108.96
16262.70,-111.66
16265.63,-113.60
16268.55,-115.39
16271.48,-115.54
16274.41,-114.14
16277.34,-112.83
16280.27,-109.96
16283.20,-117.20
16286.13,-117.87
16289.06,-111.00
16291.99,-110.49
16294.92,-111.92
16297.85,-111.09
16300.78,-108.37
16303.71,-109.60
16306.64,-107.58
16309.57,-109.93
16312.50,-107.04
16315.43,-107.61
16318.36,-110.71
16321.29,-109.64
16324.22,-112.01
16327.15,-111.70
16330.08,-111.44
16333.01,-109.32
16335.94,-106.30
16338.87,-109.65
16341.80,-113.02
16344.73,-111.93
16347.66,-112.56
16350.59,-110.33
16353.52,-107.26
16356.45,-106.13
16359.38,-106.14
16362.30,-109.56
16365.23,-113.25
16368.16,-116.35
16371.09,-108.32
16374.02,-106.51
16376.95,-109.20
16379.88,-105.82
16382.81,-102.13
16385.74,-106.00
16388.67,-113.09
16391.60,-114.60
16394.53,-119.34
16397.46,-112.15
16400.39,-108.37
16403.32,-110.20
16406.25,-109.41
16409.18,-111.70
16412.11,-120.50
16415.04,-116.70
16417.97,-109.64
16420.90,-107.00
16423.83,-104.78
16426.76,-105.56
16429.69,-109.28
16432.62,-110.13
16435.55,-107.99
16438.48,-110.76
16441.41,-112.87
16444.34,-117.93
16447.27,-114.07
16450.20,-109.69
16453.13,-107.83
16456.05,-108.32
16458.98,-111.16
16461.91,-113.06
16464.84,-116.18
16467.77,-109.20
16470.70,-109.72
16473.63,-108.19
16476.56,-110.88
16479.49,-111.13
16482.42,-111.61
16485.35,-114.75
16488.28,-109.13
16491.21,-113.32
16494.14,-107.97
16497.07,-106.08
16500.00,-110.57
16502.93,-107.85
16505.86,-111.76
16508.79,-112.66
16511.72,-108.26
16514.65,-106.84
16517.58,-108.83
16520.51,-109.36
16523.44,-107.58
16526.37,-105.06
16529.30,-109.86
16532.23,-112.10
16535.16,-110.86
16538.09,-111.44
16541.02,-110.31
16543.95,-115.06
16546.88,-110.59
16549.80,-110.00
16552.73,-109.28
16555.66,-105.85
16558.59,-108.95
16561.52,-115.69
16564.45,-111.56
16567.38,-109.25
16570.31,-114.85
16573.24,-108.99
16576.17,-106.83
16579.10,-111.19
16582.03,-107.38
16584.96,-106.12
16587.89,-110.28
16590.82,-107.20
16593.75,-105.38
16596.68,-108.50
16599.61,-107.99
16602.54,-112.24
16605.47,-117.52
16608.40,-115.38
16611.33,-111.25
16614.26,-107.63
16617.19,-109.57
16620.12,-117.00
16623.05,-117.66
16625.98,-109.71
16628.91,-106.02
16631.84,-108.84
16634.77,-111.26
16637.70,-109.51
16640.63,-115.26
16643.55,-115.33
16646.48,-110.39
16649.41,-106.36
16652.34,-106.05
16655.27,-109.10
16658.20,-110.34
16661.13,-112.51
16664.06,-110.55
16666.99,-104.96
16669.92,-105.00
16672.85,-109.91
16675.78,-108.22
16678.71,-106.89
16681.64,-107.00
16684.57,-109.36
16687.50,-116.13
16690.43,-118.96
16693.36,-115.76
16696.29,-111.93
16699.22,-114.44
16702.15,-111.28
16705.08,-109.31
16708.01,-111.58
16710.94,-104.14
16713.87,-102.92
16716.80,-106.89
16719.73,-107.23
16722.66,-114.40
16725.59,-113.74
16728.52,-112.21
16731.45,-111.87
16734.38,-112.61
16737.30,-116.52
16740.23,-111.53
16743.16,-113.88
16746.09,-115.52
16749.02,-114.02
16751.95,-112.90
16754.88,-107.03
16757.81,-108.64
16760.74,-108.17
16763.67,-111.65
16766.60,-107.65
16769.53,-108.18
16772.46,-113.18
16775.39,-108.78
16778.32,-109.60
16781.25,-110.16
16784.18,-115.11
16787.11,-118.64
16790.04,-111.45
16792.97,-110.62
16795.90,-109.25
16798.83,-108.44
16801.76,-108.36
16804.69,-107.39
16807.62,-110.22
16810.55,-116.46
16813.48,-109.97
16816.41,-110.70
16819.34,-113.35
16822.27,-109.95
16825.20,-112.54
16828.13,-112.71
16831.05,-110.78
16833.98,-110.92
16836.91,-112.13
16839.84,-112.40
16842.77,-117.81
16845.70,-113.49
16848.63,-109.94
16851.56,-109.85
16854.49,-108.69
16857.42,-112.31
16860.35,-111.41
16863.28,-114.96
16866.21,-113.21
16869.14,-108.87
16872.07,-106.42
16875.00,-109.97
16877.93,-117.34
16880.86,-112.95
16883.79,-109.85
16886.72,-109.71
16889.65,-105.90
16892.58,-106.93
16895.51,-108.29
16898.44,-108.67
16901.37,-106.48
16904.30,-107.81
16907.23,-110.68
16910.16,-116.85
16913.09,-121.71
16916.02,-117.77
16918.95,-112.73
16921.88,-112.01
16924.80,-111.62
16927.73,-110.58
16930.66,-109.18
16933.59,-107.04
16936.52,-108.53
16939.45,-110.96
16942.38,-105.78
16945.31,-104.29
16948.24,-107.09
16951.17,-111.06
16954.10,-109.20
16957.03,-108.57
16959.96,-117.11
16962.89,-109.99
16965.82,-109.19
16968.75,-113.63
16971.68,-111.40
16974.61,-109.25
16977.54,-112.88
16980.47,-112.44
16983.40,-108.63
16986.33,-109.49
16989.26,-113.25
16992.19,-107.15
16995.12,-105.78
16998.05,-111.31
17000.98,-111.35
17003.91,-111.97
17006.84,-115.62
17009.77,-114.54
17012.70,-113.24
17015.63,-112.43
17018.55,-109.07
17021.48,-113.78
17024.41,-112.76
17027.34,-113.69
17030.27,-113.25
17033.20,-113.58
17036.13,-109.75
17039.06,-111.41
17041.99,-114.16
17044.92,-109.94
17047.85,-108.55
17050.78,-111.32
17053.71,-112.02
17056.64,-113.23
17059.57,-110.92
17062.50,-111.19
17065.43,-115.41
17068.36,-115.03
17071.29,-114.12
17074.22,-112.68
17077.15,-113.39
17080.08,-110.99
17083.01,-105.92
17085.94,-103.37
17088.87,-105.20
17091.80,-112.30
17094.73,-116.66
17097.66,-108.01
17100.59,-105.57
17103.52,-107.79
17106.45,-109.14
17109.38,-109.90
17112.30,-105.81
17115.23,-105.86
17118.16,-111.52
17121.09,-110.63
17124.02,-109.90
17126.95,-109.54
17129.88,-110.97
17132.81,-111.14
17135.74,-110.57
17138.67,-109.86
17141.60,-109.76
17144.53,-114.13
17147.46,-115.33
17150.39,-115.40
17153.32,-108.84
17156.25,-105.90
17159.18,-105.86
17162.11,-107.99
17165.04,-110.11
17167.97,-108.02
17170.90,-110.87
17173.83,-112.28
17176.76,-115.35
17179.69,-116.16
17182.62,-113.36
17185.55,-116.32
17188.48,-119.02
17191.41,-114.03
17194.34,-106.57
17197.27,-107.99
17200.20,-112.31
17203.13,-114.39
17206.05,-120.56
17208.98,-119.29
17211.91,-117.52
17214.84,-115.35
17217.77,-107.50
17220.70,-106.34
17223.63,-110.26
17226.56,-110.96
17229.49,-108.64
17232.42,-113.32
17235.35,-114.34
17238.28,-107.59
17241.21,-107.64
17244.14,-106.16
17247.07,-106.10
17250.00,-110.48
17252.93,-111.35
17255.86,-108.53
17258.79,-107.07
17261.72,-106.54
17264.65,-106.38
17267.58,-110.34
17270.51,-111.32
17273.44,-109.00
17276.37,-108.03
17279.30,-112.05
17282.23,-114.74
17285.16,-114.90
17288.09,-115.80
17291.02,-110.59
17293.95,-108.44
17296.88,-105.86
17299.80,-106.68
17302.73,-111.76
17305.66,-113.88
17308.59,-114.26
17311.52,-112.96
17314.45,-111.75
17317.38,-109.17
17320.31,-111.29
17323.24,-114.97
17326.17,-113.16
17329.10,-108.90
17332.03,-113.15
17334.96,-109.04
17337.89,-107.87
17340.82,-107.54
17343.75,-107.95
17346.68,-108.02
17349.61,-113.60
17352.54,-111.34
17355.47,-115.38
17358.40,-116.70
17361.33,-112.17
17364.26,-112.75
17367.19,-109.01
17370.12,-109.60
17373.05,-116.32
17375.98,-106.16
17378.91,-103.41
17381.84,-109.49
17384.77,-117.48
17387.70,-113.74
17390.63,-113.16
17393.55,-107.26
17396.48,-105.14
17399.41,-110.08
17402.34,-113.87
17405.27,-105.72
17408.20,-104.97
17411.13,-112.32
17414.06,-114.30
17416.99,-110.65
17419.92,-108.64
17422.85,-104.49
17425.78,-104.44
17428.71,-106.54
17431.64,-105.68
17434.57,-109.02
17437.50,-107.87
17440.43,-105.42
17443.36,-109.01
17446.29,-113.84
17449.22,-112.15
17452.15,-113.63
17455.08,-110.99
17458.01,-106.92
17460.94,-107.95
17463.87,-108.81
17466.80,-107.80
17469.73,-106.78
17472.66,-108.85
17475.59,-113.14
17478.52,-108.50
17481.45,-104.84
17484.38,-112.04
17487.30,-112.29
17490.23,-109.26
17493.16,-108.22
17496.09,-107.54
17499.02,-105.46
17501.95,-103.66
17504.88,-104.18
17507.81,-106.83
17510.74,-109.55
17513.67,-108.49
17516.60,-107.28
17519.53,-104.39
17522.46,-108.36
17525.39,-108.18
17528.32,-104.43
17531.25,-101.83
17534.18,-104.32
17537.11,-107.65
17540.04,-111.16
17542.97,-110.84
17545.90,-113.77
17548.83,-110.75
17551.76,-111.59
17554.69,-112.28
17557.62,-116.85
17560.55,-111.56
17563.48,-108.83
17566.41,-111.80
17569.34,-108.60
17572.27,-106.14
17575.20,-109.52
17578.13,-114.28
17581.05,-111.93
17583.98,-116.58
17586.91,-118.05
17589.84,-108.55
17592.77,-106.90
17595.70,-113.01
17598.63,-113.97
17601.56,-108.47
17604.49,-110.16
17607.42,-114.78
17610.35,-117.16
17613.28,-118.53
17616.21,-112.39
17619.14,-111.58
17622.07,-110.06
17625.00,-110.52
17627.93,-110.37
17630.86,-113.23
17633.79,-113.90
17636.72,-111.55
17639.65,-118.35
17642.58,-118.06
17645.51,-115.23
17648.44,-108.50
17651.37,-109.23
17654.30,-116.39
17657.23,-118.02
17660.16,-112.97
17663.09,-112.03
17666.02,-109.43
17668.95,-109.21
17671.88,-117.89
17674.80,-111.83
17677.73,-111.05
17680.66,-114.12
17683.59,-112.79
17686.52,-109.09
17689.45,-108.92
17692.38,-114.31
17695.31,-110.90
17698.24,-107.96
17701.17,-112.20
17704.10,-113.68
17707.03,-116.84
17709.96,-114.39
17712.89,-113.33
17715.82,-115.26
17718.75,-114.99
17721.68,-116.91
17724.61,-112.13
17727.54,-112.03
17730.47,-111.86
17733.40,-107.26
17736.33,-111.51
17739.26,-117.01
17742.19,-117.76
17745.12,-112.50
17748.05,-110.92
17750.98,-110.85
17753.91,-110.62
17756.84,-112.16
17759.77,-115.03
17762.70,-110.18
17765.63,-109.79
17768.55,-112.28
17771.48,-117.71
17774.41,-118.24
17777.34,-113.11
17780.27,-114.49
17783.20,-115.12
17786.13,-115.63
17789.06,-115.64
17791.99,-114.33
17794.92,-114.71
17797.85,-113.14
17800.78,-113.26
17803.71,-112.58
17806.64,-112.62
17809.57,-112.17
17812.50,-115.43
17815.43,-110.98
17818.36,-109.96
17821.29,-114.34
17824.22,-114.25
17827.15,-107.62
17830.08,-108.87
17833.01,-107.76
17835.94,-109.29
17838.87,-109.74
17841.80,-109.58
17844.73,-112.40
17847.66,-111.13
17850.59,-108.03
17853.52,-110.28
17856.45,-113.59
17859.38,-110.57
17862.30,-111.44
17865.23,-116.07
17868.16,-115.51
17871.09,-119.03
17874.02,-114.53
17876.95,-108.74
17879.88,-107.88
17882.81,-113.76
17885.74,-116.40
17888.67,-110.45
17891.60,-110.04
17894.53,-112.95
17897.46,-114.05
17900.39,-117.42
17903.32,-114.93
17906.25,-113.52
17909.18,-110.58
17912.11,-115.54
17915.04,-118.44
17917.97,-108.74
17920.90,-105.73
17923.83,-110.73
17926.76,-109.79
17929.69,-106.86
17932.62,-112.86
17935.55,-116.94
17938.48,-113.56
17941.41,-115.18
17944.34,-114.59
17947.27,-113.78
17950.20,-109.52
17953.13,-113.40
17956.05,-124.40
17958.98,-115.44
17961.91,-108.85
17964.84,-109.54
17967.77,-109.55
17970.70,-112.33
17973.63,-115.08
17976.56,-116.85
17979.49,-115.01
17982.42,-111.78
17985.35,-107.45
17988.28,-108.93
17991.21,-112.71
17994.14,-118.55
17997.07,-112.53
18000.00,-111.10
18002.93,-109.97
18005.86,-111.18
18008.79,-116.11
18011.72,-114.61
18014.65,-112.23
18017.58,-113.29
18020.51,-113.61
18023.44,-111.26
18026.37,-112.00
18029.30,-114.34
18032.23,-112.37
18035.16,-116.39
18038.09,-114.88
18041.02,-109.28
18043.95,-109.32
18046.88,-111.22
18049.80,-109.75
18052.73,-112.07
18055.66,-113.81
18058.59,-111.06
18061.52,-107.71
18064.45,-112.66
18067.38,-114.37
18070.31,-115.03
18073.24,-111.54
18076.17,-108.12
18079.10,-110.28
18082.03,-115.19
18084.96,-114.88
18087.89,-114.33
18090.82,-114.51
18093.75,-109.01
18096.68,-108.04
18099.61,-107.44
18102.54,-109.92
18105.47,-109.25
18108.40,-107.79
18111.33,-115.42
18114.26,-113.01
18117.19,-110.31
18120.12,-109.49
18123.05,-108.98
18125.98,-110.43
18128.91,-113.83
18131.84,-117.20
18134.77,-115.24
18137.70,-116.49
18140.63,-112.42
18143.55,-109.27
18146.48,-109.09
18149.41,-113.34
18152.34,-113.92
18155.27,-110.28
18158.20,-112.66
18161.13,-119.21
18164.06,-112.79
18166.99,-107.96
18169.92,-112.02
18172.85,-116.50
18175.78,-112.88
18178.71,-109.85
18181.64,-111.38
18184.57,-111.18
18187.50,-108.92
18190.43,-113.72
18193.36,-120.71
18196.29,-119.40
18199.22,-116.50
18202.15,-117.47
18205.08,-115.53
18208.01,-114.36
18210.94,-115.97
18213.87,-113.98
18216.80,-108.13
18219.73,-106.74
18222.66,-108.45
18225.59,-117.51
18228.52,-110.05
18231.45,-109.68
18234.38,-106.79
18237.30,-106.67
18240.23,-108.84
18243.16,-112.30
18246.09,-111.29
18249.02,-110.24
18251.95,-109.00
18254.88,-115.17
18257.81,-113.70
18260.74,-110.98
18263.67,-106.80
18266.60,-109.75
18269.53,-113.46
18272.46,-112.74
18275.39,-110.06
18278.32,-110.52
18281.25,-112.32
18284.18,-115.77
18287.11,-113.78
18290.04,-108.28
18292.97,-108.19
18295.90,-113.49
18298.83,-116.83
18301.76,-115.47
18304.69,-117.46
18307.62,-121.29
18310.55,-111.48
18313.48,-110.65
18316.41,-109.63
18319.34,-113.93
18322.27,-113.02
18325.20,-109.22
18328.13,-109.57
18331.05,-110.83
18333.98,-111.52
18336.91,-116.22
18339.84,-112.76
18342.77,-107.06
18345.70,-107.95
18348.63,-114.25
18351.56,-115.72
18354.49,-112.92
18357.42,-110.60
18360.35,-115.24
18363.28,-111.88
18366.21,-113.27
18369.14,-112.40
18372.07,-114.18
18375.00,-113.07
18377.93,-111.40
18380.86,-117.19
18383.79,-116.03
18386.72,-106.80
18389.65,-106.95
18392.58,-114.08
18395.51,-109.17
18398.44,-107.40
18401.37,-109.89
18404.30,-114.88
18407.23,-111.30
18410.16,-108.28
18413.09,-110.93
18416.02,-109.73
18418.95,-108.98
18421.88,-113.46
18424.80,-115.68
18427.73,-117.28
18430.66,-120.79
18433.59,-116.96
18436.52,-113.77
18439.45,-110.85
18442.38,-109.20
18445.31,-109.19
18448.24,-116.37
18451.17,-113.14
18454.10,-115.05
18457.03,-113.39
18459.96,-110.28
18462.89,-105.80
18465.82,-107.44
18468.75,-114.25
18471.68,-110.39
18474.61,-109.12
18477.54,-112.86
18480.47,-117.37
18483.40,-118.92
18486.33,-117.34
18489.26,-113.17
18492.19,-113.09
18495.12,-110.19
18498.05,-105.31
18500.98,-109.23
18503.91,-113.02
18506.84,-109.95
18509.77,-110.60
18512.70,-112.16
18515.63,-114.09
18518.55,-116.39
18521.48,-120.05
18524.41,-113.89
18527.34,-110.19
18530.27,-113.13
18533.20,-114.74
18536.13,-116.99
18539.06,-118.66
18541.99,-110.92
18544.92,-106.65
18547.85,-110.68
18550.78,-116.53
18553.71,-116.85
18556.64,-113.41
18559.57,-112.53
18562.50,-114.46
18565.43,-114.69
18568.36,-111.92
18571.29,-109.63
18574.22,-112.09
18577.15,-117.47
18580.08,-121.99
18583.01,-114.70
18585.94,-113.17
18588.87,-117.13
18591.80,-115.83
18594.73,-114.07
18597.66,-113.27
18600.59,-114.57
18603.52,-113.66
18606.45,-111.75
18609.38,-110.24
18612.30,-105.55
18615.23,-107.06
18618.16,-112.29
18621.09,-107.85
18624.02,-106.39
18626.95,-109.80
18629.88,-113.56
18632.81,-111.72
18635.74,-114.36
18638.67,-109.29
18641.60,-110.77
18644.53,-118.28
18647.46,-110.61
18650.39,-108.93
18653.32,-114.63
18656.25,-118.47
18659.18,-121.45
18662.11,-120.27
18665.04,-116.34
18667.97,-115.54
18670.90,-113.64
18673.83,-115.08
18676.76,-113.13
18679.69,-113.29
18682.62,-108.75
18685.55,-111.18
18688.48,-118.49
18691.41,-111.94
18694.34,-106.91
18697.27,-107.97
18700.20,-110.76
18703.13,-109.88
18706.05,-107.38
18708.98,-105.12
18711.91,-108.79
18714.84,-111.15
18717.77,-105.58
18720.70,-107.39
18723.63,-113.06
18726.56,-122.59
18729.49,-117.24
18732.42,-116.66
18735.35,-116.26
18738.28,-112.65
18741.21,-112.00
18744.14,-113.16
18747.07,-111.45
18750.00,-112.77
18752.93,-118.10
18755.86,-113.04
18758.79,-108.17
18761.72,-107.49
18764.65,-113.74
18767.58,-112.66
18770.51,-110.67
18773.44,-108.80
18776.37,-111.32
18779.30,-109.10
18782.23,-107.62
18785.16,-112.98
18788.09,-113.73
18791.02,-110.67
18793.95,-112.64
18796.88,-113.31
18799.80,-113.62
18802.73,-109.41
18805.66,-111.94
18808.59,-115.02
18811.52,-110.61
18814.45,-110.35
18817.38,-111.47
18820.31,-107.48
18823.24,-108.09
18826.17,-115.99
18829.10,-111.78
18832.03,-108.63
18834.96,-113.73
18837.89,-115.66
18840.82,-115.24
18843.75,-111.57
18846.68,-113.50
18849.61,-111.83
18852.54,-113.48
18855.47,-115.10
18858.40,-117.41
18861.33,-112.21
18864.26,-110.79
18867.19,-113.12
18870.12,-118.76
18873.05,-110.63
18875.98,-110.16
18878.91,-114.59
18881.84,-112.82
18884.77,-112.09
18887.70,-111.28
18890.63,-109.13
18893.55,-111.48
18896.48,-116.62
18899.41,-117.29
18902.34,-118.33
18905.27,-116.47
18908.20,-117.27
18911.13,-117.98
18914.06,-120.25
18916.99,-117.72
18919.92,-115.48
18922.85,-114.27
18925.78,-116.46
18928.71,-114.85
18931.64,-108.14
18934.57,-112.27
18937.50,-115.30
18940.43,-118.75
18943.36,-118.80
18946.29,-115.11
18949.22,-116.55
18952.15,-109.59
18955.08,-107.43
18958.01,-111.92
18960.94,-118.67
18963.87,-113.56
18966.80,-114.00
18969.73,-115.21
18972.66,-113.15
18975.59,-110.96
18978.52,-116.07
18981.45,-115.54
18984.38,-112.61
18987.30,-111.87
18990.23,-115.13
18993.16,-115.35
18996.09,-115.25
18999.02,-114.21
19001.95,-114.06
19004.88,-107.73
19007.81,-106.70
19010.74,-110.31
19013.67,-114.19
19016.60,-112.88
19019.53,-114.20
19022.46,-113.73
19025.39,-110.33
19028.32,-114.46
19031.25,-117.15
19034.18,-124.74
19037.11,-120.72
19040.04,-115.90
19042.97,-112.92
19045.90,-111.24
19048.83,-110.61
19051.76,-113.42
19054.69,-112.43
19057.62,-114.18
19060.55,-113.82
19063.48,-112.96
19066.41,-111.52
19069.34,-110.91
19072.27,-110.13
19075.20,-106.49
19078.13,-107.31
19081.05,-107.91
19083.98,-109.16
19086.91,-109.48
19089.84,-110.00
19092.77,-114.17
19095.70,-117.45
19098.63,-116.25
19101.56,-115.38
19104.49,-115.40
19107.42,-112.77
19110.35,-112.72
19113.28,-118.02
19116.21,-112.75
19119.14,-112.94
19122.07,-112.42
19125.00,-109.07
19127.93,-109.13
19130.86,-105.25
19133.79,-108.05
19136.72,-109.26
19139.65,-111.69
19142.58,-118.95
19145.51,-112.95
19148.44,-112.19
19151.37,-113.15
19154.30,-109.97
19157.23,-107.22
19160.16,-109.63
19163.09,-117.83
19166.02,-113.05
19168.95,-113.09
19171.88,-116.22
19174.80,-116.18
19177.73,-122.89
19180.66,-120.41
19183.59,-113.12
19186.52,-112.51
19189.45,-109.25
19192.38,-110.69
19195.31,-110.52
19198.24,-108.57
19201.17,-108.48
19204.10,-111.04
19207.03,-109.09
19209.96,-110.52
19212.89,-111.40
19215.82,-119.82
19218.75,-120.69
19221.68,-115.86
19224.61,-115.53
19227.54,-115.79
19230.47,-116.75
19233.40,-115.37
19236.33,-122.48
19239.26,-124.16
19242.19,-115.65
19245.12,-109.15
19248.05,-108.59
19250.98,-110.76
19253.91,-112.33
19256.84,-109.65
19259.77,-111.59
19262.70,-113.15
19265.63,-114.55
19268.55,-116.18
19271.48,-116.93
19274.41,-114.76
19277.34,-114.68
19280.27,-111.54
19283.20,-109.44
19286.13,-105.96
19289.06,-108.76
19291.99,-115.63
19294.92,-115.51
19297.85,-115.36
19300.78,-110.02
19303.71,-109.75
19306.64,-109.76
19309.57,-106.23
19312.50,-109.51
19315.43,-108.80
19318.36,-112.53
19321.29,-117.58
19324.22,-111.90
19327.15,-111.78
19330.08,-113.49
19333.01,-114.56
19335.94,-110.58
19338.87,-106.10
19341.80,-109.62
19344.73,-112.46
19347.66,-113.03
19350.59,-109.75
19353.52,-109.35
19356.45,-111.01
19359.38,-109.23
19362.30,-107.99
19365.23,-115.29
19368.16,-115.65
19371.09,-116.49
19374.02,-122.12
19376.95,-113.67
19379.88,-109.57
19382.81,-111.07
19385.74,-114.73
19388.67,-108.57
19391.60,-111.13
19394.53,-117.97
19397.46,-119.47
19400.39,-116.08
19403.32,-113.36
19406.25,-110.93
19409.18,-111.45
19412.11,-112.57
19415.04,-111.91
19417.97,-109.75
19420.90,-112.19
19423.83,-114.87
19426.76,-112.91
19429.69,-113.13
19432.62,-115.90
19435.55,-114.43
19438.48,-115.10
19441.41,-113.13
19444.34,-112.43
19447.27,-114.52
19450.20,-115.11
19453.13,-112.97
19456.05,-114.78
19458.98,-117.82
19461.91,-116.22
19464.84,-113.31
19467.77,-116.78
19470.70,-113.87
19473.63,-115.72
19476.56,-120.10
19479.49,-111.10
19482.42,-112.79
19485.35,-116.59
19488.28,-112.13
19491.21,-109.95
19494.14,-106.53
19497.07,-107.93
19500.00,-111.47
19502.93,-113.29
19505.86,-125.43
19508.79,-117.27
19511.72,-111.30
19514.65,-109.80
19517.58,-112.61
19520.51,-111.39
19523.44,-112.57
19526.37,-110.79
19529.30,-110.93
19532.23,-107.68
19535.16,-108.15
19538.09,-108.10
19541.02,-110.22
19543.95,-115.05
19546.88,-113.15
19549.80,-109.86
19552.73,-111.70
19555.66,-116.26
19558.59,-115.80
19561.52,-110.72
19564.45,-110.89
19567.38,-115.42
19570.31,-107.78
19573.24,-107.66
19576.17,-108.74
19579.10,-110.75
19582.03,-113.13
19584.96,-107.15
19587.89,-106.03
19590.82,-112.76
19593.75,-117.18
19596.68,-116.61
19599.61,-114.05
19602.54,-109.47
19605.47,-107.87
19608.40,-110.62
19611.33,-107.55
19614.26,-106.26
19617.19,-112.39
19620.12,-112.39
19623.05,-113.31
19625.98,-110.91
19628.91,-108.68
19631.84,-110.01
19634.77,-108.28
19637.70,-112.68
19640.63,-112.63
19643.55,-111.85
19646.48,-113.86
19649.41,-112.97
19652.34,-110.57
19655.27,-113.67
19658.20,-114.30
19661.13,-111.15
19664.06,-108.19
19666.99,-113.77
19669.92,-117.26
19672.85,-111.07
19675.78,-109.18
19678.71,-110.46
19681.64,-113.39
19684.57,-115.17
19687.50,-116.71
19690.43,-112.68
19693.36,-115.21
19696.29,-115.06
19699.22,-112.38
19702.15,-116.49
19705.08,-120.72
19708.01,-115.68
19710.94,-113.69
19713.87,-112.69
19716.80,-113.61
19719.73,-113.19
19722.66,-107.64
19725.59,-107.88
19728.52,-111.67
19731.45,-109.82
19734.38,-112.59
19737.30,-110.97
19740.23,-111.06
19743.16,-113.70
19746.09,-110.21
19749.02,-108.17
19751.95,-109.66
19754.88,-111.04
19757.81,-114.97
19760.74,-113.13
19763.67,-114.59
19766.60,-109.33
19769.53,-109.40
19772.46,-115.49
19775.39,-111.09
19778.32,-111.34
19781.25,-110.92
19784.18,-111.69
19787.11,-112.87
19790.04,-114.06
19792.97,-116.57
19795.90,-115.29
19798.83,-112.31
19801.76,-110.11
19804.69,-109.45
19807.62,-111.88
19810.55,-112.02
19813.48,-110.52
19816.41,-110.44
19819.34,-105.99
19822.27,-107.51
19825.20,-110.64
19828.13,-110.12
19831.05,-107.74
19833.98,-114.72
19836.91,-120.43
19839.84,-110.13
19842.77,-107.77
19845.70,-112.94
19848.63,-116.57
19851.56,-117.61
19854.49,-118.21
19857.42,-120.18
19860.35,-114.56
19863.28,-111.54
19866.21,-111.12
19869.14,-112.21
19872.07,-112.47
19875.00,-112.65
19877.93,-111.44
19880.86,-106.16
19883.79,-107.55
19886.72,-112.58
19889.65,-109.87
19892.58,-115.27
19895.51,-113.11
19898.44,-106.56
19901.37,-106.50
19904.30,-107.45
19907.23,-107.85
19910.16,-109.05
19913.09,-108.03
19916.02,-110.80
19918.95,-110.42
19921.88,-110.76
19924.80,-108.85
19927.73,-111.10
19930.66,-111.29
19933.59,-110.62
19936.52,-110.01
19939.45,-109.63
19942.38,-110.98
19945.31,-112.02
19948.24,-111.62
19951.17,-109.42
19954.10,-110.27
19957.03,-112.66
19959.96,-116.54
19962.89,-120.76
19965.82,-114.66
19968.75,-118.08
19971.68,-119.05
19974.61,-115.15
19977.54,-111.81
19980.47,-114.01
19983.40,-115.10
19986.33,-117.13
19989.26,-120.04
19992.19,-118.84
19995.12,-110.35
19998.05,-108.96
20000.98,-114.89
20003.91,-114.37
20006.84,-115.37
20009.77,-113.49
20012.70,-113.18
20015.63,-110.93
20018.55,-114.66
20021.48,-117.98
20024.41,-114.72
20027.34,-111.22
20030.27,-109.00
20033.20,-112.08
20036.13,-117.20
20039.06,-116.15
20041.99,-109.83
20044.92,-110.19
20047.85,-109.93
20050.78,-110.59
20053.71,-110.10
20056.64,-111.78
20059.57,-114.21
20062.50,-117.12
20065.43,-114.79
20068.36,-110.55
20071.29,-111.33
20074.22,-116.05
20077.15,-110.79
20080.08,-113.69
20083.01,-116.20
20085.94,-109.43
20088.87,-106.81
20091.80,-111.25
20094.73,-112.45
20097.66,-107.65
20100.59,-109.40
20103.52,-110.47
20106.45,-109.81
20109.38,-109.29
20112.30,-110.54
20115.23,-112.73
20118.16,-111.78
20121.09,-116.34
20124.02,-116.49
20126.95,-111.33
20129.88,-109.69
20132.81,-111.33
20135.74,-114.98
20138.67,-117.78
20141.60,-109.67
20144.53,-110.40
20147.46,-117.16
20150.39,-118.33
20153.32,-119.94
20156.25,-121.41
20159.18,-119.62
20162.11,-119.96
20165.04,-115.99
20167.97,-110.06
20170.90,-110.41
20173.83,-109.85
20176.76,-112.60
20179.69,-114.30
20182.62,-117.28
20185.55,-117.43
20188.48,-117.41
20191.41,-115.52
20194.34,-119.43
20197.27,-113.06
20200.20,-109.96
20203.13,-111.47
20206.05,-109.79
20208.98,-115.13
20211.91,-117.68
20214.84,-113.13
20217.77,-109.91
20220.70,-111.32
20223.63,-117.91
20226.56,-115.89
20229.49,-111.40
20232.42,-115.39
20235.35,-116.40
20238.28,-110.50
20241.21,-112.17
20244.14,-119.23
20247.07,-119.58
20250.00,-118.21
20252.93,-116.83
20255.86,-115.45
20258.79,-107.85
20261.72,-108.00
20264.65,-109.53
20267.58,-110.39
20270.51,-114.06
20273.44,-113.15
20276.37,-110.22
20279.30,-108.66
20282.23,-107.43
20285.16,-110.27
20288.09,-109.31
20291.02,-108.37
20293.95,-106.89
20296.88,-108.39
20299.80,-114.52
20302.73,-115.96
20305.66,-116.20
20308.59,-118.38
20311.52,-115.90
20314.45,-110.33
20317.38,-109.11
20320.31,-109.16
20323.24,-110.04
20326.17,-117.46
20329.10,-113.87
20332.03,-109.60
20334.96,-106.34
20337.89,-109.65
20340.82,-113.24
20343.75,-112.70
20346.68,-111.16
20349.61,-112.64
20352.54,-110.60
20355.47,-115.09
20358.40,-114.44
20361.33,-113.57
20364.26,-112.76
20367.19,-114.30
20370.12,-109.81
20373.05,-110.76
20375.98,-113.38
20378.91,-113.82
20381.84,-111.20
20384.77,-115.84
20387.70,-113.84
20390.63,-113.56
20393.55,-117.17
20396.48,-116.22
20399.41,-114.13
20402.34,-110.23
20405.27,-109.48
20408.20,-113.32
20411.13,-114.14
20414.06,-108.81
20416.99,-109.08
20419.92,-110.36
20422.85,-107.04
20425.78,-111.36
20428.71,-114.73
20431.64,-112.69
20434.57,-109.29
20437.50,-112.26
20440.43,-116.14
20443.36,-112.09
20446.29,-109.48
20449.22,-112.43
20452.15,-113.41
20455.08,-112.44
20458.01,-110.44
20460.94,-116.48
20463.87,-121.65
20466.80,-122.51
20469.73,-116.77
20472.66,-111.47
20475.59,-114.48
20478.52,-116.80
20481.45,-112.02
20484.38,-110.20
20487.30,-107.84
20490.23,-109.98
20493.16,-114.66
20496.09,-120.72
20499.02,-113.45
20501.95,-111.25
20504.88,-108.70
20507.81,-110.63
20510.74,-111.72
20513.67,-109.21
20516.60,-112.37
20519.53,-114.34
20522.46,-113.13
20525.39,-110.31
20528.32,-110.04
20531.25,-110.17
20534.18,-109.14
20537.11,-112.55
20540.04,-112.72
20542.97,-111.49
20545.90,-112.94
20548.83,-114.86
20551.76,-118.80
20554.69,-113.46
20557.62,-109.87
20560.55,-110.00
20563.48,-113.27
20566.41,-109.61
20569.34,-112.09
20572.27,-114.65
20575.20,-113.13
20578.13,-116.51
20581.05,-116.33
20583.98,-109.48
20586.91,-109.97
20589.84,-106.63
20592.77,-109.42
20595.70,-120.74
20598.63,-119.81
20601.56,-119.43
20604.49,-122.52
20607.42,-113.91
20610.35,-109.49
20613.28,-110.65
20616.21,-112.48
20619.14,-117.25
20622.07,-112.06
20625.00,-109.69
20627.93,-110.43
20630.86,-114.62
20633.79,-112.96
20636.72,-111.45
20639.65,-108.78
20642.58,-110.87
20645.51,-114.20
20648.44,-114.16
20651.37,-112.02
20654.30,-115.20
20657.23,-118.86
20660.16,-116.11
20663.09,-112.71
20666.02,-112.84
20668.95,-111.91
20671.88,-110.13
20674.80,-109.46
20677.73,-116.53
20680.66,-114.94
20683.59,-111.69
20686.52,-112.46
20689.45,-106.90
20692.38,-106.73
20695.31,-113.09
20698.24,-110.00
20701.17,-114.08
20704.10,-118.93
20707.03,-112.58
20709.96,-113.40
20712.89,-111.25
20715.82,-107.43
20718.75,-113.27
20721.68,-114.48
20724.61,-109.90
20727.54,-115.27
20730.47,-115.49
20733.40,-117.81
20736.33,-118.43
20739.26,-117.19
20742.19,-118.54
20745.12,-114.08
20748.05,-111.62
20750.98,-112.71
20753.91,-111.30
20756.84,-112.20
20759.77,-113.56
20762.70,-106.63
20765.63,-104.61
20768.55,-110.25
20771.48,-112.20
20774.41,-107.70
20777.34,-106.90
20780.27,-108.79
20783.20,-108.81
20786.13,-106.29
20789.06,-107.26
20791.99,-112.04
20794.92,-117.10
20797.85,-114.67
20800.78,-112.38
20803.71,-114.01
20806.64,-113.53
20809.57,-113.10
20812.50,-112.16
20815.43,-113.61
20818.36,-117.66
20821.29,-116.27
20824.22,-115.80
20827.15,-114.24
20830.08,-112.50
20833.01,-112.19
20835.94,-113.23
20838.87,-109.81
20841.80,-106.64
20844.73,-111.26
20847.66,-113.77
20850.59,-113.19
20853.52,-115.12
20856.45,-110.98
20859.38,-112.26
20862.30,-123.57
20865.23,-123.82
20868.16,-112.08
20871.09,-111.49
20874.02,-117.46
20876.95,-114.80
20879.88,-115.31
20882.81,-111.03
20885.74,-110.73
20888.67,-113.85
20891.60,-111.24
20894.53,-112.72
20897.46,-122.37
20900.39,-118.76
20903.32,-121.31
20906.25,-115.61
20909.18,-111.94
20912.11,-115.56
20915.04,-114.89
20917.97,-117.39
20920.90,-118.90
20923.83,-115.88
20926.76,-110.42
20929.69,-108.22
20932.62,-111.62
20935.55,-115.63
20938.48,-114.35
20941.41,-113.05
20944.34,-109.50
20947.27,-111.88
20950.20,-112.95
20953.13,-117.59
20956.05,-114.42
20958.98,-106.48
20961.91,-106.15
20964.84,-110.10
20967.77,-107.79
20970.70,-108.56
20973.63,-114.72
20976.56,-115.95
20979.49,-115.79
20982.42,-112.33
20985.35,-111.70
20988.28,-113.12
20991.21,-111.66
20994.14,-113.75
20997.07,-113.12
21000.00,-114.40
21002.93,-114.77
21005.86,-110.04
21008.79,-110.54
21011.72,-110.42
21014.65,-108.87
21017.58,-106.98
21020.51,-111.56
21023.44,-109.85
21026.37,-110.34
21029.30,-111.80
21032.23,-112.92
21035.16,-113.50
21038.09,-114.01
21041.02,-110.14
21043.95,-110.98
21046.88,-108.00
21049.80,-111.44
21052.73,-114.63
21055.66,-111.32
21058.59,-109.33
21061.52,-107.35
21064.45,-113.37
21067.38,-115.95
21070.31,-107.64
21073.24,-108.09
21076.17,-118.15
21079.10,-119.78
21082.03,-118.56
21084.96,-116.43
21087.89,-113.27
21090.82,-117.87
21093.75,-117.42
21096.68,-113.80
21099.61,-111.82
21102.54,-115.76
21105.47,-116.46
21108.40,-115.05
21111.33,-115.19
21114.26,-113.04
21117.19,-110.62
21120.12,-110.67
21123.05,-113.43
21125.98,-105.68
21128.91,-106.08
21131.84,-115.18
21134.77,-118.41
21137.70,-116.41
21140.63,-117.40
21143.55,-113.57
21146.48,-114.08
21149.41,-113.81
21152.34,-116.95
21155.27,-118.34
21158.20,-118.26
21161.13,-115.23
21164.06,-115.97
21166.99,-118.80
21169.92,-112.40
21172.85,-113.12
21175.78,-116.09
21178.71,-111.99
21181.64,-114.81
21184.57,-115.48
21187.50,-113.49
21190.43,-110.17
21193.36,-113.46
21196.29,-113.43
21199.22,-112.29
21202.15,-114.02
21205.08,-113.11
21208.01,-106.16
21210.94,-106.29
21213.87,-115.70
21216.80,-119.55
21219.73,-112.33
21222.66,-112.55
21225.59,-113.62
21228.52,-113.84
21231.45,-118.99
21234.38,-115.57
21237.30,-110.88
21240.23,-112.66
21243.16,-111.64
21246.09,-107.72
21249.02,-111.57
21251.95,-112.08
21254.88,-111.66
21257.81,-112.94
21260.74,-115.21
21263.67,-115.26
21266.60,-116.25
21269.53,-115.90
21272.46,-116.82
21275.39,-108.32
21278.32,-109.78
21281.25,-108.78
21284.18,-109.87
21287.11,-111.91
21290.04,-115.99
21292.97,-112.41
21295.90,-111.63
21298.83,-113.01
21301.76,-111.39
21304.69,-111.88
21307.62,-114.41
21310.55,-116.83
21313.48,-115.31
21316.41,-115.22
21319.34,-110.38
21322.27,-111.90
21325.20,-113.33
21328.13,-115.84
21331.05,-114.61
21333.98,-108.83
21336.91,-108.73
21339.84,-114.77
21342.77,-113.71
21345.70,-114.03
21348.63,-109.89
21351.56,-110.14
21354.49,-113.34
21357.42,-119.03
21360.35,-111.03
21363.28,-107.01
21366.21,-107.44
21369.14,-109.15
21372.07,-118.51
21375.00,-123.99
21377.93,-119.78
21380.86,-113.54
21383.79,-111.37
21386.72,-112.44
21389.65,-114.41
21392.58,-120.69
21395.51,-118.30
21398.44,-110.25
21401.37,-110.36
21404.30,-115.17
21407.23,-113.28
21410.16,-112.73
21413.09,-118.54
21416.02,-119.84
21418.95,-114.49
21421.88,-114.80
21424.80,-113.46
21427.73,-111.56
21430.66,-114.12
21433.59,-114.39
21436.52,-114.27
21439.45,-115.27
21442.38,-110.79
21445.31,-111.27
21448.24,-119.57
21451.17,-113.69
21454.10,-113.03
21457.03,-121.92
21459.96,-114.44
21462.89,-112.42
21465.82,-120.18
21468.75,-114.34
21471.68,-111.52
21474.61,-114.38
21477.54,-114.70
21480.47,-111.00
21483.40,-115.65
21486.33,-114.85
21489.26,-113.98
21492.19,-109.96
21495.12,-109.76
21498.05,-112.42
21500.98,-110.60
21503.91,-116.54
21506.84,-116.30
21509.77,-112.32
21512.70,-113.26
21515.63,-116.62
21518.55,-116.74
21521.48,-115.07
21524.41,-111.10
21527.34,-112.94
21530.27,-111.85
21533.20,-115.32
21536.13,-110.23
21539.06,-109.75
21541.99,-110.00
21544.92,-111.26
21547.85,-115.67
21550.78,-113.96
21553.71,-116.88
21556.64,-116.66
21559.57,-122.49
21562.50,-121.16
21565.43,-114.68
21568.36,-108.59
21571.29,-106.84
21574.22,-111.04
21577.15,-112.81
21580.08,-109.44
21583.01,-109.93
21585.94,-112.70
21588.87,-111.91
21591.80,-109.98
21594.73,-110.63
21597.66,-111.36
21600.59,-108.46
21603.52,-105.53
21606.45,-108.01
21609.38,-110.75
21612.30,-112.68
21615.23,-116.79
21618.16,-122.16
21621.09,-120.18
21624.02,-114.05
21626.95,-111.85
21629.88,-115.10
21632.81,-123.84
21635.74,-115.46
21638.67,-111.91
21641.60,-113.47
21644.53,-111.09
21647.46,-109.38
21650.39,-110.70
21653.32,-117.10
21656.25,-119.28
21659.18,-116.64
21662.11,-118.76
21665.04,-118.21
21667.97,-113.37
21670.90,-111.26
21673.83,-107.52
21676.76,-107.99
21679.69,-110.31
21682.62,-115.36
21685.55,-111.08
21688.48,-110.57
21691.41,-116.55
21694.34,-111.96
21697.27,-109.63
21700.20,-115.11
21703.13,-117.93
21706.05,-114.98
21708.98,-111.30
21711.91,-111.24
21714.84,-113.72
21717.77,-109.38
21720.70,-109.16
21723.63,-114.07
21726.56,-116.63
21729.49,-111.66
21732.42,-112.68
21735.35,-109.63
21738.28,-113.91
21741.21,-112.37
21744.14,-108.96
21747.07,-115.77
21750.00,-119.76
21752.93,-118.67
21755.86,-117.90
21758.79,-113.59
21761.72,-116.68
21764.65,-116.37
21767.58,-115.05
21770.51,-110.52
21773.44,-110.07
21776.37,-111.22
21779.30,-111.12
21782.23,-114.25
21785.16,-113.01
21788.09,-112.64
21791.02,-106.09
21793.95,-108.24
21796.88,-120.02
21799.80,-115.57
21802.73,-113.58
21805.66,-116.91
21808.59,-114.35
21811.52,-116.39
21814.45,-120.46
21817.38,-116.27
21820.31,-117.44
21823.24,-117.39
21826.17,-115.67
21829.10,-116.76
21832.03,-114.29
21834.96,-115.86
21837.89,-114.99
21840.82,-117.53
21843.75,-120.87
21846.68,-118.62
21849.61,-115.79
21852.54,-113.84
21855.47,-112.55
21858.40,-114.90
21861.33,-109.41
21864.26,-106.75
21867.19,-112.55
21870.12,-113.04
21873.05,-112.41
21875.98,-109.78
21878.91,-113.88
21881.84,-114.28
21884.77,-113.87
21887.70,-110.23
21890.63,-109.99
21893.55,-111.98
21896.48,-109.83
21899.41,-113.75
21902.34,-113.69
21905.27,-116.22
21908.20,-116.59
21911.13,-112.17
21914.06,-111.78
21916.99,-115.44
21919.92,-116.67
21922.85,-117.76
21925.78,-115.80
21928.71,-110.32
21931.64,-110.35
21934.57,-111.89
21937.50,-110.97
21940.43,-114.83
21943.36,-115.11
21946.29,-113.05
21949.22,-114.55
21952.15,-109.90
21955.08,-109.57
21958.01,-111.04
21960.94,-110.75
21963.87,-114.24
21966.80,-112.30
21969.73,-116.24
21972.66,-114.10
21975.59,-110.99
21978.52,-117.91
21981.45,-115.18
21984.38,-113.64
21987.30,-111.14
21990.23,-111.75
21993.16,-112.73
21996.09,-107.09
21999.02,-106.01
22001.95,-110.88
22004.88,-113.36
22007.81,-113.13
22010.74,-117.83
22013.67,-114.86
22016.60,-110.70
22019.53,-116.63
22022.46,-117.61
22025.39,-111.32
22028.32,-110.95
22031.25,-107.62
22034.18,-107.45
22037.11,-112.39
22040.04,-111.55
22042.97,-110.05
22045.90,-115.50
22048.83,-116.24
22051.76,-109.35
22054.69,-107.63
22057.62,-112.51
22060.55,-110.93
22063.48,-111.52
22066.41,-119.10
22069.34,-119.53
22072.27,-118.63
22075.20,-119.10
22078.13,-118.13
22081.05,-115.48
22083.98,-112.43
22086.91,-112.76
22089.84,-111.67
22092.77,-109.13
22095.70,-111.03
22098.63,-112.94
22101.56,-110.28
22104.49,-110.23
22107.42,-113.75
22110.35,-114.83
22113.28,-117.73
22116.21,-110.59
22119.14,-109.72
22122.07,-112.93
22125.00,-113.33
22127.93,-112.85
22130.86,-112.13
22133.79,-116.78
22136.72,-116.64
22139.65,-114.09
22142.58,-113.81
22145.51,-112.11
22148.44,-116.21
22151.37,-112.23
22154.30,-111.81
22157.23,-115.83
22160.16,-116.30
22163.09,-111.09
22166.02,-108.86
22168.95,-111.06
22171.88,-106.91
22174.80,-106.96
22177.73,-116.05
22180.66,-114.89
22183.59,-121.01
22186.52,-115.85
22189.45,-115.24
22192.38,-113.12
22195.31,-113.93
22198.24,-111.27
22201.17,-109.84
22204.10,-109.86
22207.03,-103.65
22209.96,-104.93
22212.89,-112.49
22215.82,-109.70
22218.75,-109.42
22221.68,-115.39
22224.61,-111.98
22227.54,-111.18
22230.47,-113.75
22233.40,-111.28
22236.33,-114.32
22239.26,-119.61
22242.19,-111.54
22245.12,-108.00
22248.05,-112.61
22250.98,-109.48
22253.91,-110.32
22256.84,-116.92
22259.77,-116.66
22262.70,-113.94
22265.63,-113.72
22268.55,-115.83
22271.48,-116.98
22274.41,-113.14
22277.34,-109.51
22280.27,-111.50
22283.20,-110.65
22286.13,-110.80
22289.06,-109.35
22291.99,-111.34
22294.92,-117.66
22297.85,-117.95
22300.78,-122.21
22303.71,-115.59
22306.64,-113.87
22309.57,-112.38
22312.50,-112.96
22315.43,-109.82
22318.36,-110.77
22321.29,-110.75
22324.22,-111.18
22327.15,-107.88
22330.08,-111.30
22333.01,-113.30
22335.94,-106.80
22338.87,-110.24
22341.80,-115.79
22344.73,-112.11
22347.66,-109.58
22350.59,-110.00
22353.52,-114.47
22356.45,-116.97
22359.38,-114.28
22362.30,-110.41
22365.23,-113.83
22368.16,-111.09
22371.09,-110.61
22374.02,-110.45
22376.95,-113.89
22379.88,-112.14
22382.81,-112.68
22385.74,-113.90
22388.67,-112.72
22391.60,-109.66
22394.53,-114.13
22397.46,-112.36
22400.39,-117.45
22403.32,-117.84
22406.25,-110.82
22409.18,-105.93
22412.11,-107.40
22415.04,-115.37
22417.97,-124.29
22420.90,-121.32
22423.83,-116.88
22426.76,-115.49
22429.69,-111.26
22432.62,-112.14
22435.55,-112.25
22438.48,-110.57
22441.41,-114.42
22444.34,-119.83
22447.27,-110.98
22450.20,-108.54
22453.13,-105.77
22456.05,-106.80
22458.98,-111.24
22461.91,-112.14
22464.84,-111.71
22467.77,-116.76
22470.70,-123.08
22473.63,-122.04
22476.56,-119.57
22479.49,-112.66
22482.42,-114.28
22485.35,-113.51
22488.28,-109.45
22491.21,-110.86
22494.14,-118.19
22497.07,-111.77
22500.00,-111.02
22502.93,-112.98
22505.86,-110.20
22508.79,-110.46
22511.72,-112.65
22514.65,-110.65
22517.58,-112.82
22520.51,-110.00
22523.44,-110.60
22526.37,-107.14
22529.30,-109.63
22532.23,-114.11
22535.16,-109.09
22538.09,-110.42
22541.02,-112.22
22543.95,-111.73
22546.88,-111.62
22549.80,-118.46
22552.73,-119.70
22555.66,-116.51
22558.59,-115.54
22561.52,-114.91
22564.45,-110.25
22567.38,-109.59
22570.31,-111.31
22573.24,-109.99
22576.17,-112.87
22579.10,-113.04
22582.03,-111.71
22584.96,-111.08
22587.89,-109.78
22590.82,-109.30
22593.75,-112.44
22596.68,-114.78
22599.61,-119.53
22602.54,-114.38
22605.47,-114.39
22608.40,-119.52
22611.33,-115.19
22614.26,-112.01
22617.19,-114.43
22620.12,-108.28
22623.05,-108.02
22625.98,-111.66
22628.91,-110.94
22631.84,-109.27
22634.77,-110.50
22637.70,-110.46
22640.63,-112.00
22643.55,-112.83
22646.48,-116.24
22649.41,-117.77
22652.34,-119.89
22655.27,-116.76
22658.20,-111.03
22661.13,-109.65
22664.06,-109.10
22666.99,-110.09
22669.92,-110.67
22672.85,-111.61
22675.78,-115.16
22678.71,-111.41
22681.64,-114.24
22684.57,-117.42
22687.50,-117.41
22690.43,-120.38
22693.36,-120.39
22696.29,-118.49
22699.22,-120.49
22702.15,-111.79
22705.08,-111.93
22708.01,-116.66
22710.94,-111.86
22713.87,-111.74
22716.80,-110.93
22719.73,-112.90
22722.66,-115.73
22725.59,-114.07
22728.52,-118.35
22731.45,-118.60
22734.38,-116.70
22737.30,-112.58
22740.23,-110.28
22743.16,-111.42
22746.09,-110.95
22749.02,-113.37
22751.95,-116.19
22754.88,-116.07
22757.81,-114.25
22760.74,-114.22
22763.67,-111.59
22766.60,-108.62
22769.53,-111.65
22772.46,-111.94
22775.39,-119.36
22778.32,-114.27
22781.25,-115.63
22784.18,-116.28
22787.11,-116.62
22790.04,-117.10
22792.97,-115.34
22795.90,-114.56
22798.83,-112.38
22801.76,-108.94
22804.69,-112.91
22807.62,-117.98
22810.55,-117.74
22813.48,-110.75
22816.41,-108.54
22819.34,-111.54
22822.27,-114.20
22825.20,-116.83
22828.13,-113.41
22831.05,-113.12
22833.98,-113.00
22836.91,-111.79
22839.84,-114.44
22842.77,-110.61
22845.70,-111.22
22848.63,-112.05
22851.56,-113.58
22854.49,-120.36
22857.42,-112.97
22860.35,-113.87
22863.28,-112.95
22866.21,-110.32
22869.14,-109.99
22872.07,-110.57
22875.00,-110.42
22877.93,-114.99
22880.86,-114.55
22883.79,-114.38
22886.72,-107.06
22889.65,-108.78
22892.58,-111.70
22895.51,-111.53
22898.44,-113.02
22901.37,-113.51
22904.30,-109.30
22907.23,-110.69
22910.16,-110.37
22913.09,-113.57
22916.02,-111.82
22918.95,-113.38
22921.88,-111.44
22924.80,-115.95
22927.73,-115.30
22930.66,-109.38
22933.59,-108.70
22936.52,-112.73
22939.45,-117.91
22942.38,-123.19
22945.31,-122.23
22948.24,-114.78
22951.17,-113.41
22954.10,-118.31
22957.03,-115.94
22959.96,-109.29
22962.89,-111.96
22965.82,-110.62
22968.75,-111.43
22971.68,-112.57
22974.61,-112.48
22977.54,-116.32
22980.47,-113.27
22983.40,-113.81
22986.33,-110.52
22989.26,-111.92
22992.19,-114.13
22995.12,-115.15
22998.05,-108.82
23000.98,-108.78
23003.91,-111.19
23006.84,-116.92
23009.77,-110.86
23012.70,-112.42
23015.63,-118.29
23018.55,-117.23
23021.48,-109.45
23024.41,-111.22
23027.34,-117.57
23030.27,-115.67
23033.20,-111.82
23036.13,-113.39
23039.06,-112.75
23041.99,-110.50
23044.92,-116.06
23047.85,-114.47
23050.78,-108.57
23053.71,-108.67
23056.64,-114.77
23059.57,-123.27
23062.50,-122.05
23065.43,-112.89
23068.36,-110.13
23071.29,-113.21
23074.22,-113.20
23077.15,-114.10
23080.08,-116.34
23083.01,-110.75
23085.94,-111.18
23088.87,-115.51
23091.80,-114.50
23094.73,-110.85
23097.66,-113.88
23100.59,-114.62
23103.52,-115.97
23106.45,-115.99
23109.38,-110.99
23112.30,-114.47
23115.23,-111.68
23118.16,-111.17
23121.09,-113.09
23124.02,-107.60
23126.95,-106.98
23129.88,-113.53
23132.81,-118.91
23135.74,-114.67
23138.67,-114.64
23141.60,-113.68
23144.53,-113.14
23147.46,-114.39
23150.39,-110.01
23153.32,-112.33
23156.25,-110.39
23159.18,-108.12
23162.11,-109.89
23165.04,-112.23
23167.97,-112.63
23170.90,-113.38
23173.83,-111.29
23176.76,-108.56
23179.69,-111.09
23182.62,-115.07
23185.55,-115.18
23188.48,-114.25
23191.41,-120.55
23194.34,-114.72
23197.27,-109.29
23200.20,-112.31
23203.13,-111.81
23206.05,-109.50
23208.98,-111.12
23211.91,-110.89
23214.84,-111.29
23217.77,-111.75
23220.70,-113.50
23223.63,-118.55
23226.56,-119.36
23229.49,-115.09
23232.42,-113.61
23235.35,-111.20
23238.28,-116.70
23241.21,-116.28
23244.14,-110.73
23247.07,-112.06
23250.00,-115.58
23252.93,-120.48
23255.86,-112.92
23258.79,-112.63
23261.72,-116.15
23264.65,-114.85
23267.58,-112.46
23270.51,-114.73
23273.44,-113.25
23276.37,-115.51
23279.30,-111.99
23282.23,-111.40
23285.16,-107.44
23288.09,-109.13
23291.02,-109.90
23293.95,-111.80
23296.88,-114.36
23299.80,-111.93
23302.73,-112.81
23305.66,-109.78
23308.59,-108.53
23311.52,-112.32
23314.45,-108.42
23317.38,-111.20
23320.31,-115.38
23323.24,-115.31
23326.17,-111.87
23329.10,-114.97
23332.03,-117.55
23334.96,-115.89
23337.89,-119.99
23340.82,-124.46
23343.75,-113.35
23346.68,-107.57
23349.61,-105.58
23352.54,-109.79
23355.47,-107.83
23358.40,-111.67
23361.33,-119.28
23364.26,-117.57
23367.19,-122.68
23370.12,-119.06
23373.05,-113.67
23375.98,-114.43
23378.91,-119.75
23381.84,-111.57
23384.77,-108.88
23387.70,-112.48
23390.63,-111.76
23393.55,-108.72
23396.48,-111.67
23399.41,-113.81
23402.34,-120.16
23405.27,-116.20
23408.20,-112.39
23411.13,-112.12
23414.06,-110.09
23416.99,-113.24
23419.92,-113.71
23422.85,-112.86
23425.78,-114.07
23428.71,-112.82
23431.64,-110.96
23434.57,-113.05
23437.50,-112.20
23440.43,-109.94
23443.36,-110.47
23446.29,-112.27
23449.22,-111.38
23452.15,-116.29
23455.08,-115.47
23458.01,-113.41
23460.94,-110.08
23463.87,-107.47
23466.80,-113.21
23469.73,-120.38
23472.66,-116.45
23475.59,-116.84
23478.52,-111.49
23481.45,-111.64
23484.38,-114.88
23487.30,-114.71
23490.23,-108.73
23493.16,-110.06
23496.09,-112.31
23499.02,-112.89
23501.95,-111.26
23504.88,-116.76
23507.81,-114.61
23510.74,-111.43
23513.67,-114.14
23516.60,-116.66
23519.53,-114.12
23522.46,-107.09
23525.39,-108.46
23528.32,-113.17
23531.25,-116.51
23534.18,-114.00
23537.11,-115.73
23540.04,-112.89
23542.97,-110.25
23545.90,-108.29
23548.83,-110.32
23551.76,-113.85
23554.69,-118.33
23557.62,-113.00
23560.55,-113.71
23563.48,-113.28
23566.41,-117.72
23569.34,-114.50
23572.27,-111.04
23575.20,-115.34
23578.13,-113.07
23581.05,-109.03
23583.98,-112.90
23586.91,-117.77
23589.84,-109.98
23592.77,-112.23
23595.70,-111.18
23598.63,-108.23
23601.56,-108.07
23604.49,-111.02
23607.42,-113.20
23610.35,-109.75
23613.28,-111.09
23616.21,-113.35
23619.14,-113.81
23622.07,-111.89
23625.00,-111.37
23627.93,-115.33
23630.86,-115.68
23633.79,-119.00
23636.72,-114.97
23639.65,-117.31
23642.58,-118.51
23645.51,-114.39
23648.44,-116.22
23651.37,-111.63
23654.30,-108.46
23657.23,-108.47
23660.16,-109.53
23663.09,-108.86
23666.02,-108.26
23668.95,-105.24
23671.88,-105.24
23674.80,-107.55
23677.73,-106.23
23680.66,-112.04
23683.59,-114.56
23686.52,-113.36
23689.45,-118.01
23692.38,-121.47
23695.31,-112.32
23698.24,-111.15
23701.17,-115.24
23704.10,-109.31
23707.03,-113.80
23709.96,-115.10
23712.89,-109.88
23715.82,-111.59
23718.75,-114.54
23721.68,-116.51
23724.61,-117.93
23727.54,-117.22
23730.47,-115.24
23733.40,-116.25
23736.33,-117.12
23739.26,-111.77
23742.19,-108.21
23745.12,-109.89
23748.05,-110.48
23750.98,-116.32
23753.91,-113.49
23756.84,-111.65
23759.77,-112.28
23762.70,-115.55
23765.63,-115.23
23768.55,-111.90
23771.48,-115.89
23774.41,-114.76
23777.34,-114.52
23780.27,-117.63
23783.20,-117.07
23786.13,-114.53
23789.06,-114.41
23791.99,-117.19
23794.92,-117.93
23797.85,-115.62
23800.78,-116.71
23803.71,-112.26
23806.64,-109.73
23809.57,-113.68
23812.50,-118.43
23815.43,-119.02
23818.36,-115.63
23821.29,-111.86
23824.22,-111.82
23827.15,-117.21
23830.08,-114.88
23833.01,-114.11
23835.94,-114.09
23838.87,-115.52
23841.80,-117.63
23844.73,-116.14
23847.66,-115.04
23850.59,-118.26
23853.52,-114.56
23856.45,-116.31
23859.38,-123.00
23862.30,-122.84
23865.23,-123.38
23868.16,-114.68
23871.09,-114.95
23874.02,-115.54
23876.95,-119.55
23879.88,-116.22
23882.81,-114.79
23885.74,-117.97
23888.67,-112.43
23891.60,-110.40
23894.53,-117.31
23897.46,-115.03
23900.39,-113.97
23903.32,-112.71
23906.25,-113.57
23909.18,-112.67
23912.11,-114.56
23915.04,-113.74
23917.97,-112.56
23920.90,-118.45
23923.83,-112.46
23926.76,-111.64
23929.69,-117.54
23932.62,-116.76
23935.55,-120.05
23938.48,-117.06
23941.41,-111.85
23944.34,-113.79
23947.27,-114.73
23950.20,-108.90
23953.13,-107.06
23956.05,-111.75
23958.98,-111.45
23961.91,-112.20
23964.84,-110.60
23967.77,-113.22
23970.70,-115.64
23973.63,-108.42
23976.56,-107.98
23979.49,-111.67
23982.42,-113.31
23985.35,-109.61
23988.28,-112.83
23991.21,-118.89
23994.14,-119.88
23997.07,-121.06
24000.00,-116.68
